gene,class
SLC6A3,ADHD
BTBD9,ADHD
TGM5,ADHD
SLC39A13,ADHD
SLC6A8,ADHD
PTPRG,ADHD
KIDINS220,ADHD
GJB2,ADHD
OTP,ADHD
NR0B1,ADHD
DRD4,ADHD
CARTPT,ADHD
ABCA13,BIPO
ABCB1,BIPO
ABCG1,BIPO
ABLIM1,BIPO
ABO,BIPO
ACACA,BIPO
ACADS,BIPO
ACE,BIPO
ACO1,BIPO
ACO2,BIPO
ACP1,BIPO
ACSL4,BIPO
ACTA2,BIPO
ACTB,BIPO
ACTL7A,BIPO
ADAM17,BIPO
ADAMTS16,BIPO
ADARB1,BIPO
ADCY1,BIPO
ADCY2,BIPO
ADCY3,BIPO
ADCY8,BIPO
ADCY9,BIPO
ADCYAP1,BIPO
ADCYAP1R1,BIPO
ADD3,BIPO
ADGRL3,BIPO
ADIPOQ,BIPO
ADM,BIPO
ADORA1,BIPO
ADRA1A,BIPO
ADRA2C,BIPO
ADRB2,BIPO
AFG1L,BIPO
AGRP,BIPO
AGT,BIPO
AHI1,BIPO
AKAP10,BIPO
AKAP6,BIPO
AKR1C4,BIPO
AKT1,BIPO
AKT2,BIPO
ALAS1,BIPO
ALDH2,BIPO
ALOX12,BIPO
ALOX12-AS1,BIPO
ALOX12P2,BIPO
AMD1,BIPO
AMPD3,BIPO
AMPH,BIPO
ANG,BIPO
ANK3,BIPO
ANKK1,BIPO
ANKRD12,BIPO
ANKS1B,BIPO
APOA1,BIPO
APOB,BIPO
APOD,BIPO
APOE,BIPO
APP,BIPO
ARHGAP8,BIPO
ARHGEF10,BIPO
ARHGEF10L,BIPO
ARHGEF15,BIPO
ARHGEF5,BIPO
ARHGEF7,BIPO
ARID3B,BIPO
ARNTL,BIPO
ARNTL2,BIPO
ARRB2,BIPO
ARVCF,BIPO
AS3MT,BIPO
ASAP2,BIPO
ASCC1,BIPO
ASCC2,BIPO
ASIC2,BIPO
ASMT,BIPO
ASTN1,BIPO
ASTN2,BIPO
ATF4,BIPO
ATF5,BIPO
ATF7IP,BIPO
ATP1A1,BIPO
ATP1A2,BIPO
ATP1A3,BIPO
ATP1B3,BIPO
ATP2A2,BIPO
ATP2B2,BIPO
ATP6V1E2,BIPO
AVP,BIPO
AVPR1B,BIPO
BABAM2,BIPO
BACE1-AS,BIPO
BAG1,BIPO
BAG3,BIPO
BCHE,BIPO
BCKDHB,BIPO
BCL11B,BIPO
BCL2,BIPO
BCL9,BIPO
BCR,BIPO
BDKRB2,BIPO
BDNF,BIPO
BDNF-AS,BIPO
BFAR,BIPO
BHLHE40,BIPO
BHLHE40-AS1,BIPO
BHLHE41,BIPO
BICC1,BIPO
BID,BIPO
BIVM,BIPO
BMS1,BIPO
BORCS7-ASMT,BIPO
BPI,BIPO
BPIFA2,BIPO
BRAP,BIPO
BRCA2,BIPO
BRD1,BIPO
C11orf21,BIPO
C11orf80,BIPO
C14orf28,BIPO
C20orf181,BIPO
C9orf72,BIPO
CA5A,BIPO
CABLES1,BIPO
CACNA1A,BIPO
CACNA1B,BIPO
CACNA1C,BIPO
CACNA1C-AS1,BIPO
CACNA1C-AS4,BIPO
CACNA1C-IT3,BIPO
CACNA1D,BIPO
CACNB2,BIPO
CACNB3,BIPO
CACNG2,BIPO
CACNG5,BIPO
CADM2,BIPO
CALB1,BIPO
CALCA,BIPO
CALM1,BIPO
CALM2,BIPO
CALM3,BIPO
CALR,BIPO
CAMK2A,BIPO
CAMKK2,BIPO
CAMKMT,BIPO
CAMP,BIPO
CAND1.11,BIPO
CAP2,BIPO
CARF,BIPO
CARTPT,BIPO
CASP8,BIPO
CASZ1,BIPO
CAT,BIPO
CAV1,BIPO
CAV2,BIPO
CBLIF,BIPO
CBS,BIPO
CCAT2,BIPO
CCDC102B,BIPO
CCDC170,BIPO
CCDC175,BIPO
CCK,BIPO
CCKAR,BIPO
CCL2,BIPO
CCR5,BIPO
CD14,BIPO
CD36,BIPO
CD40,BIPO
CD47,BIPO
CDAN1,BIPO
CDC25B,BIPO
CDH13,BIPO
CDH17,BIPO
CDH23,BIPO
CDH7,BIPO
CDKN2B-AS1,BIPO
CDSN,BIPO
CEACAM5,BIPO
CEBPZ,BIPO
CEP85L,BIPO
CFAP57,BIPO
CFP,BIPO
CGNL1,BIPO
CHDH,BIPO
CHI3L1,BIPO
CHL1,BIPO
CHMP1B,BIPO
CHRFAM7A,BIPO
CHRM2,BIPO
CHRM3,BIPO
CHRNA2,BIPO
CHRNA3,BIPO
CHRNA5,BIPO
CHRNA6,BIPO
CHRNA7,BIPO
CHRNB3,BIPO
CINP,BIPO
CISH,BIPO
CIT,BIPO
CKAP2L,BIPO
CLCN4,BIPO
CLEC10A,BIPO
CLOCK,BIPO
CMAHP,BIPO
CNNM2,BIPO
CNR1,BIPO
CNR2,BIPO
CNTN4,BIPO
CNTN5,BIPO
CNTN6,BIPO
CNTNAP2,BIPO
COL2A1,BIPO
COL9A3,BIPO
COMMD10,BIPO
COMT,BIPO
COPE,BIPO
COX1,BIPO
COX2,BIPO
COX5A,BIPO
COX8A,BIPO
CPLX1,BIPO
CPLX2,BIPO
CPNE8,BIPO
CPOX,BIPO
CREB1,BIPO
CRH,BIPO
CRHBP,BIPO
CRHR1,BIPO
CRHR2,BIPO
CRMP1,BIPO
CRP,BIPO
CRY1,BIPO
CRY2,BIPO
CSF2,BIPO
CSMD1,BIPO
CSMD2,BIPO
CSNK1D,BIPO
CSNK1E,BIPO
CSRP1,BIPO
CTLA4,BIPO
CTNNB1,BIPO
CTSF,BIPO
CUBN,BIPO
CUL4A,BIPO
CUX1,BIPO
CUX2,BIPO
CXCL8,BIPO
CXCR3,BIPO
CXCR4,BIPO
CYP2D6,BIPO
CYTH4,BIPO
DAO,BIPO
DAOA,BIPO
DAOA-AS1,BIPO
DAZAP1,BIPO
DBH,BIPO
DBN1,BIPO
DBNL,BIPO
DCBLD1,BIPO
DCLK1,BIPO
DCTN5,BIPO
DDC,BIPO
DDIT3,BIPO
DDN,BIPO
DEFB1,BIPO
DELE1,BIPO
DEPTOR,BIPO
DGCR2,BIPO
DGKB,BIPO
DGKG,BIPO
DGKH,BIPO
DHH,BIPO
DIO2,BIPO
DISC1,BIPO
DISC1-IT1,BIPO
DISC2,BIPO
DIXDC1,BIPO
DKK4,BIPO
DLG2,BIPO
DLG3,BIPO
DLG4,BIPO
DLX1,BIPO
DLX4,BIPO
DMTF1,BIPO
DNAH8,BIPO
DNAJB1,BIPO
DNMT1,BIPO
DNMT3A,BIPO
DNMT3B,BIPO
DNTT,BIPO
DOCK4,BIPO
DOCK9,BIPO
DOK5,BIPO
DPP10,BIPO
DPYS,BIPO
DPYSL2,BIPO
DRD1,BIPO
DRD2,BIPO
DRD3,BIPO
DRD4,BIPO
DRD5,BIPO
DRP2,BIPO
DSCAM,BIPO
DTNBP1,BIPO
DTWD1,BIPO
DUSP2,BIPO
DUSP6,BIPO
EBI3,BIPO
EBNA1BP2,BIPO
EGFR,BIPO
EGR1,BIPO
EGR2,BIPO
EGR3,BIPO
EHHADH,BIPO
EHMT1,BIPO
EIF4EBP1,BIPO
ENDOU,BIPO
ENDOV,BIPO
EPHA3,BIPO
EPHB2,BIPO
EPHX2,BIPO
EPO,BIPO
ERBB2,BIPO
ERBB3,BIPO
ERBB4,BIPO
ERDA1,BIPO
ERVW-1,BIPO
ESR1,BIPO
ESR2,BIPO
ETNPPL,BIPO
ETV5,BIPO
EVC,BIPO
EXOSC6,BIPO
F2R,BIPO
F9,BIPO
FA2H,BIPO
FAAH,BIPO
FABP7,BIPO
FADS1,BIPO
FADS2,BIPO
FAM177A1,BIPO
FAM178B,BIPO
FAS,BIPO
FAS-AS1,BIPO
FASTK,BIPO
FAT1,BIPO
FBLN1,BIPO
FBXL3,BIPO
FBXO32,BIPO
FER1L6,BIPO
FER1L6-AS2,BIPO
FEZ1,BIPO
FGF17,BIPO
FGF20,BIPO
FGF9,BIPO
FGFR1,BIPO
FGFR2,BIPO
FKBP1A,BIPO
FKBP1AP1,BIPO
FKBP1AP2,BIPO
FKBP1AP3,BIPO
FKBP1AP4,BIPO
FKBP5,BIPO
FLAD1,BIPO
FLI1,BIPO
FMR1,BIPO
FNDC3A,BIPO
FOXO3,BIPO
FOXO6,BIPO
FOXP3,BIPO
FSTL5,BIPO
FTO,BIPO
FUT3,BIPO
FXR1,BIPO
FYN,BIPO
FZD4,BIPO
FZD7,BIPO
G6PD,BIPO
GABRA1,BIPO
GABRA3,BIPO
GABRA5,BIPO
GABRB1,BIPO
GABRB2,BIPO
GABRB3,BIPO
GABRG1,BIPO
GABRR1,BIPO
GABRR2,BIPO
GAD1,BIPO
GAD2,BIPO
GADL1,BIPO
GAL,BIPO
GALC,BIPO
GAP43,BIPO
GATA3,BIPO
GC,BIPO
GCH1,BIPO
GDF10,BIPO
GDF15,BIPO
GDNF,BIPO
GFAP,BIPO
GFRA2,BIPO
GIGYF1,BIPO
GLO1,BIPO
GLP1R,BIPO
GLT8D1,BIPO
GLYAT,BIPO
GNAL,BIPO
GNAZ,BIPO
GNB1L,BIPO
GNB3,BIPO
GNL3,BIPO
GOLGA6A,BIPO
GOT2,BIPO
GP1BB,BIPO
GPER1,BIPO
GPR151,BIPO
GPR166P,BIPO
GPR50,BIPO
GPR50-AS1,BIPO
GPR78,BIPO
GPRC5C,BIPO
GPRC5D,BIPO
GPRC6A,BIPO
GPRIN2,BIPO
GPX3,BIPO
GRAMD1B,BIPO
GRB2,BIPO
GRIA1,BIPO
GRIA2,BIPO
GRIA3,BIPO
GRIA4,BIPO
GRID1,BIPO
GRIK1,BIPO
GRIK2,BIPO
GRIK3,BIPO
GRIK4,BIPO
GRIK5,BIPO
GRIN1,BIPO
GRIN2A,BIPO
GRIN2B,BIPO
GRIN3A,BIPO
GRIP1,BIPO
GRK2,BIPO
GRK3,BIPO
GRM1,BIPO
GRM3,BIPO
GRM4,BIPO
GRM5,BIPO
GRM7,BIPO
GRN,BIPO
GRTP1,BIPO
GSDME,BIPO
GSK3A,BIPO
GSK3B,BIPO
GSS,BIPO
GSTM1,BIPO
GSTT1,BIPO
GSTZ1,BIPO
GTF2A1,BIPO
GULOP,BIPO
H3P40,BIPO
HAMP,BIPO
HAVCR1,BIPO
HBA1,BIPO
HBA2,BIPO
HCAR3,BIPO
HCCAT5,BIPO
HCG21,BIPO
HCG9,BIPO
HCRT,BIPO
HDAC5,BIPO
HDAC9,BIPO
HDGFL3,BIPO
HELLPAR,BIPO
HHIP,BIPO
HIF1A,BIPO
HINT1,BIPO
HIP1R,BIPO
HIRA,BIPO
HLA-A,BIPO
HLA-C,BIPO
HLA-DMA,BIPO
HLA-DMB,BIPO
HLA-DRA,BIPO
HLA-DRB1,BIPO
HLA-DRB4,BIPO
HLA-E,BIPO
HLA-G,BIPO
HLF,BIPO
HMGB1,BIPO
HMGXB4,BIPO
HOMER1,BIPO
HPGDS,BIPO
HPN,BIPO
HPSE,BIPO
HPT,BIPO
HRAS,BIPO
HSD52,BIPO
HSP90B1,BIPO
HSPA14,BIPO
HSPA1L,BIPO
HSPA4,BIPO
HSPA5,BIPO
HSPD1,BIPO
HSPE1,BIPO
HSPG2,BIPO
HTC2,BIPO
HTR1A,BIPO
HTR1B,BIPO
HTR1E,BIPO
HTR1F,BIPO
HTR2A,BIPO
HTR2A-AS1,BIPO
HTR2C,BIPO
HTR3A,BIPO
HTR3B,BIPO
HTR4,BIPO
HTR5A,BIPO
HTR6,BIPO
HTR7,BIPO
IDH1,BIPO
IDH2,BIPO
IDH3A,BIPO
IDH3B,BIPO
IFNA1,BIPO
IFNA13,BIPO
IFNG,BIPO
IFNG-AS1,BIPO
IFT27,BIPO
IGF1,BIPO
IGFBP2,BIPO
IGHG3,BIPO
IGKV2D-28,BIPO
IGSF9B,BIPO
IL10,BIPO
IL17C,BIPO
IL18,BIPO
IL18R1,BIPO
IL1A,BIPO
IL1B,BIPO
IL1RN,BIPO
IL2RB,BIPO
IL4,BIPO
IL6,BIPO
IMPA1,BIPO
IMPA2,BIPO
IMPACT,BIPO
INPP1,BIPO
INS,BIPO
INSRR,BIPO
INTS7,BIPO
IPO8,BIPO
IQCH,BIPO
IQCH-AS1,BIPO
ISL1,BIPO
ITGA9,BIPO
ITGAM,BIPO
ITGB4,BIPO
ITGB5,BIPO
ITIH1,BIPO
ITIH3,BIPO
ITIH4,BIPO
ITPR1,BIPO
ITPR3,BIPO
ITSN2,BIPO
JADE2,BIPO
JMJD1C,BIPO
KANK4,BIPO
KAT5,BIPO
KCNMB2,BIPO
KCNMB2-AS1,BIPO
KCNN3,BIPO
KCNQ2,BIPO
KCNQ3,BIPO
KCTD12,BIPO
KCTD7,BIPO
KDM3B,BIPO
KIF15,BIPO
KIF22,BIPO
KL,BIPO
KLF6,BIPO
KLHL23,BIPO
KLK15,BIPO
KLK8,BIPO
KMO,BIPO
KMT2D,BIPO
KRIT1,BIPO
KSR2,BIPO
LAMA4-AS1,BIPO
LAMC2,BIPO
LAMP3,BIPO
LARS2,BIPO
LBX1,BIPO
LDHA,BIPO
LEP,BIPO
LGR6,BIPO
LHFPL3,BIPO
LHFPL3-AS1,BIPO
LHX5,BIPO
LINC00243,BIPO
LINC00271,BIPO
LINC00273,BIPO
LINC00461,BIPO
LINC00907,BIPO
LINC01121,BIPO
LINC01358,BIPO
LINC01378,BIPO
LINC01470,BIPO
LINC01592,BIPO
LINC01643,BIPO
LINC01672,BIPO
LINC01748,BIPO
LINC01789,BIPO
LINC02033,BIPO
LINC02109,BIPO
LINC02356,BIPO
LINC02384,BIPO
LINC02694,BIPO
LINC02779,BIPO
LINC02822,BIPO
LINGO2,BIPO
LITAF,BIPO
LMAN2L,BIPO
LMLN,BIPO
LMO7,BIPO
LMX1A,BIPO
LOC100507564,BIPO
LOC101927026,BIPO
LOC101927995,BIPO
LOC101928937,BIPO
LOC101929200,BIPO
LOC101930053,BIPO
LOC102724068,BIPO
LOC105370032,BIPO
LOC105370052,BIPO
LOC105370753,BIPO
LOC105370982,BIPO
LOC105371357,BIPO
LOC105371433,BIPO
LOC105371630,BIPO
LOC105371677,BIPO
LOC105372125,BIPO
LOC105372213,BIPO
LOC105372577,BIPO
LOC105372725,BIPO
LOC105373170,BIPO
LOC105373313,BIPO
LOC105374534,BIPO
LOC105374699,BIPO
LOC105374811,BIPO
LOC105374812,BIPO
LOC105374875,BIPO
LOC105375284,BIPO
LOC105375382,BIPO
LOC105375630,BIPO
LOC105375695,BIPO
LOC105375956,BIPO
LOC105376033,BIPO
LOC105376249,BIPO
LOC105376755,BIPO
LOC105376934,BIPO
LOC105377013,BIPO
LOC105377864,BIPO
LOC105377971,BIPO
LOC105378685,BIPO
LOC107984265,BIPO
LOC107984292,BIPO
LOC107984478,BIPO
LOC107984527,BIPO
LOC107984805,BIPO
LOC107985255,BIPO
LOC107985554,BIPO
LOC107985969,BIPO
LOC107986043,BIPO
LOC107986119,BIPO
LOC107986584,BIPO
LOC107986586,BIPO
LOC107986945,BIPO
LOC107987027,BIPO
LOC110806262,BIPO
LOC349160,BIPO
LPAR3,BIPO
LRP8,BIPO
LRRC4C,BIPO
LRRC57,BIPO
LRRC7,BIPO
LTN1,BIPO
MACROD1,BIPO
MACROD2,BIPO
MAD1L1,BIPO
MAFD1,BIPO
MAFD2,BIPO
MAFD4,BIPO
MAFD6,BIPO
MAGEE1,BIPO
MAGI1,BIPO
MAGI2,BIPO
MAOA,BIPO
MAOB,BIPO
MAP2,BIPO
MAPK1,BIPO
MAPK3,BIPO
MAPK8IP3,BIPO
MARCKS,BIPO
MARK2,BIPO
MAU2,BIPO
MBD5,BIPO
MBL2,BIPO
MC2R,BIPO
MC5R,BIPO
MCHR1,BIPO
MCHR2,BIPO
MCPH1,BIPO
MCTP1,BIPO
MDD1,BIPO
MDGA1,BIPO
ME2,BIPO
MECP2,BIPO
MEN1,BIPO
MFGE8,BIPO
MGAT4A,BIPO
MICU1,BIPO
MINDY2,BIPO
MIR132,BIPO
MIR137,BIPO
MIR137HG,BIPO
MIR144,BIPO
MIR146A,BIPO
MIR149,BIPO
MIR184,BIPO
MIR195,BIPO
MIR206,BIPO
MIR212,BIPO
MIR223,BIPO
MIR2682,BIPO
MIR29C,BIPO
MIR346,BIPO
MIR34A,BIPO
MIR4761,BIPO
MIR497,BIPO
MIR504,BIPO
MIR6766,BIPO
MIR708,BIPO
MIXL1,BIPO
MKLN1,BIPO
MLC1,BIPO
MLLT3,BIPO
MMADHC-DT,BIPO
MMP10,BIPO
MMP16,BIPO
MMP2,BIPO
MMP3,BIPO
MMP9,BIPO
MPP6,BIPO
MPPE1,BIPO
MRC1,BIPO
MRGPRX1,BIPO
MRGPRX3,BIPO
MRGPRX4,BIPO
MRPL33,BIPO
MRPS33,BIPO
MS,BIPO
MSMB,BIPO
MST1,BIPO
MTA2,BIPO
MTCO2P12,BIPO
MTERF4,BIPO
MTHFD1,BIPO
MTHFR,BIPO
MTNR1B,BIPO
MTR,BIPO
MTRR,BIPO
MUCL3,BIPO
MUSK,BIPO
MXD1,BIPO
MYH7B,BIPO
MYO1H,BIPO
MYO5B,BIPO
MYRF,BIPO
MYRF-AS1,BIPO
MZB1,BIPO
NANOS3,BIPO
NAPEPLD,BIPO
NAPG,BIPO
NCAM1,BIPO
NCAN,BIPO
NCOR2,BIPO
NCS1,BIPO
ND1,BIPO
ND4,BIPO
NDEL1,BIPO
NDST3,BIPO
NDUFA6,BIPO
NDUFS1,BIPO
NDUFV1,BIPO
NDUFV2,BIPO
NDUFV3,BIPO
NEDD4,BIPO
NEFL,BIPO
NEFM,BIPO
NEK4,BIPO
NEK7,BIPO
NFATC3,BIPO
NFE2L2,BIPO
NFIA,BIPO
NFIX,BIPO
NFKB1,BIPO
NFKB2,BIPO
NFYC,BIPO
NGF,BIPO
NGFR,BIPO
NHS,BIPO
NISCH,BIPO
NLGN1,BIPO
NLRP3,BIPO
NNMT,BIPO
NOD2,BIPO
NOS1,BIPO
NOS1AP,BIPO
NOS2,BIPO
NOS3,BIPO
NOTCH3,BIPO
NOTCH4,BIPO
NPAS2,BIPO
NPAS3,BIPO
NPIPB7,BIPO
NPL,BIPO
NPTX1,BIPO
NR1D1,BIPO
NR1H4,BIPO
NR1I2,BIPO
NR2E1,BIPO
NR3C1,BIPO
NR3C2,BIPO
NR4A2,BIPO
NR4A3,BIPO
NRAS,BIPO
NRG1,BIPO
NRG3,BIPO
NRGN,BIPO
NRN1,BIPO
NRXN1,BIPO
NT5C2,BIPO
NTF3,BIPO
NTNG1,BIPO
NTNG2,BIPO
NTRK1,BIPO
NTRK2,BIPO
NUFIP2,BIPO
NUMB,BIPO
NUP214,BIPO
OAS3,BIPO
OBP2A,BIPO
OIP5-AS1,BIPO
OPN1SW,BIPO
OPN5,BIPO
OPRM1,BIPO
OR10A4,BIPO
OTUD7A,BIPO
OTX2,BIPO
OXER1,BIPO
OXTR,BIPO
P2RX1,BIPO
P2RX2,BIPO
P2RX3,BIPO
P2RX4,BIPO
P2RX5,BIPO
P2RX5-TAX1BP3,BIPO
P2RX6,BIPO
P2RX7,BIPO
P2RY1,BIPO
P2RY2,BIPO
PACC1,BIPO
PACS1,BIPO
PAH,BIPO
PALB2,BIPO
PARK7,BIPO
PARP10,BIPO
PARP9,BIPO
PART1,BIPO
PAWR,BIPO
PBRM1,BIPO
PC,BIPO
PCDH12,BIPO
PCDH15,BIPO
PCDH17,BIPO
PCDHA1,BIPO
PCLO,BIPO
PCNT,BIPO
PDE10A,BIPO
PDE11A,BIPO
PDE2A,BIPO
PDE3B,BIPO
PDE4A,BIPO
PDE4B,BIPO
PDE9A,BIPO
PDLIM4,BIPO
PDLIM5,BIPO
PDLIM7,BIPO
PDYN,BIPO
PENK,BIPO
PER2,BIPO
PER3,BIPO
PFKFB3,BIPO
PFKL,BIPO
PGAM1,BIPO
PGAP3,BIPO
PGC,BIPO
PGP,BIPO
PHETA1,BIPO
PHF7,BIPO
PHOBS,BIPO
PI4K2B,BIPO
PIK3C2A,BIPO
PIK3C3,BIPO
PIK3CA,BIPO
PIP4K2A,BIPO
PIP4K2C,BIPO
PKP4,BIPO
PLA2G10,BIPO
PLA2G1B,BIPO
PLA2G2A,BIPO
PLA2G4A,BIPO
PLA2G6,BIPO
PLB1,BIPO
PLCB1,BIPO
PLCB4,BIPO
PLCG1,BIPO
PLCXD3,BIPO
PLEKHO1,BIPO
PLET1,BIPO
PLXNA2,BIPO
PMCH,BIPO
PMEL,BIPO
PNPLA3,BIPO
POGLUT2,BIPO
POLG,BIPO
POLG2,BIPO
POMC,BIPO
PON1,BIPO
POR,BIPO
POU3F1,BIPO
POU3F2,BIPO
PPARD,BIPO
PPARG,BIPO
PPARGC1A,BIPO
PPID,BIPO
PPIE,BIPO
PPIEL,BIPO
PPM1K,BIPO
PPM1M,BIPO
PPP1R1B,BIPO
PPP1R2C,BIPO
PPP1R9A,BIPO
PPP2R2C,BIPO
PPP3CB,BIPO
PPP3CC,BIPO
PREP,BIPO
PRKAR1A,BIPO
PRKCB,BIPO
PRKCI,BIPO
PRKCZ,BIPO
PRNP,BIPO
PRODH,BIPO
PROK2,BIPO
PROKR2,BIPO
PROM1,BIPO
PRPF6,BIPO
PRR5-ARHGAP8,BIPO
PRS,BIPO
PRSS35,BIPO
PSD,BIPO
PSEN2,BIPO
PSMG1,BIPO
PSPH,BIPO
PSPN,BIPO
PSS,BIPO
PTGDS,BIPO
PTGS1,BIPO
PTGS2,BIPO
PTOV1,BIPO
PTPA,BIPO
PTPN5,BIPO
PTPRG,BIPO
PTS,BIPO
PVALB,BIPO
PWAR1,BIPO
QPCT,BIPO
RAB40B,BIPO
RABGEF1,BIPO
RAC1,BIPO
RACK1,BIPO
RAP1A,BIPO
RAPGEF5,BIPO
RAPSN,BIPO
RARA,BIPO
RARRES2,BIPO
RASAL2,BIPO
RASGRF1,BIPO
RASGRF2,BIPO
RASGRP1,BIPO
RASIP1,BIPO
RASSF7,BIPO
RBKS,BIPO
RBM3,BIPO
RBM45,BIPO
RBMS3,BIPO
RCBTB1,BIPO
REG1A,BIPO
REG3A,BIPO
RELN,BIPO
REM1,BIPO
REN,BIPO
RERE,BIPO
RFESD,BIPO
RFX4,BIPO
RGS4,BIPO
RIDA,BIPO
RIMS1,BIPO
RIPK2,BIPO
RIT2,BIPO
RNF41,BIPO
RNLS,BIPO
ROR1,BIPO
RORA,BIPO
RORB,BIPO
RPGRIP1L,BIPO
RPL29,BIPO
RPN2,BIPO
RPRD1B,BIPO
RPRD2,BIPO
RPS23,BIPO
RPS6KA2,BIPO
RPS6KA3,BIPO
RREB1,BIPO
RRM2B,BIPO
RTN4,BIPO
RXRG,BIPO
S100A10,BIPO
S100A11,BIPO
S100B,BIPO
S1PR1,BIPO
SART3,BIPO
SAT1,BIPO
SCD,BIPO
SCN11A,BIPO
SCN2A,BIPO
SCN8A,BIPO
SCZD10,BIPO
SCZD12,BIPO
SCZD13,BIPO
SDCCAG8,BIPO
SDHC,BIPO
SEC11A,BIPO
SEC24C,BIPO
SECTM1,BIPO
SEMA6A,BIPO
SEPTIN11,BIPO
SERPINA1,BIPO
SERPINF1,BIPO
SESTD1,BIPO
SEZ6L,BIPO
SFRP1,BIPO
SFTA2,BIPO
SGCG,BIPO
SH2B1,BIPO
SHANK2,BIPO
SHANK3,BIPO
SHC4,BIPO
SIGMAR1,BIPO
SIRT1,BIPO
SLC12A6,BIPO
SLC14A2,BIPO
SLC17A6,BIPO
SLC17A7,BIPO
SLC18A1,BIPO
SLC18A2,BIPO
SLC1A1,BIPO
SLC1A2,BIPO
SLC1A3,BIPO
SLC1A4,BIPO
SLC1A6,BIPO
SLC22A16,BIPO
SLC25A17,BIPO
SLC25A26,BIPO
SLC25A4,BIPO
SLC25A6,BIPO
SLC35F4,BIPO
SLC39A3,BIPO
SLC4A10,BIPO
SLC52A2,BIPO
SLC5A3,BIPO
SLC6A13,BIPO
SLC6A2,BIPO
SLC6A3,BIPO
SLC6A4,BIPO
SLC8A1-AS1,BIPO
SLIT1,BIPO
SLITRK2,BIPO
SMG6,BIPO
SMIM4,BIPO
SMIM8,BIPO
SMPD1,BIPO
SMS,BIPO
SMUG1,BIPO
SNAP25,BIPO
SND1,BIPO
SNED1,BIPO
SNORD69,BIPO
SNU13,BIPO
SNX7,BIPO
SOCS1,BIPO
SOCS5,BIPO
SOD1,BIPO
SOD2,BIPO
SORCS2,BIPO
SORL1,BIPO
SOS1,BIPO
SOSTDC1,BIPO
SOX2-OT,BIPO
SP4,BIPO
SP8,BIPO
SPCS1,BIPO
SPG11,BIPO
SPR,BIPO
SPTLC1,BIPO
SREBF2,BIPO
SRPK2,BIPO
SRR,BIPO
SRRT,BIPO
SRSF3,BIPO
SS18L1,BIPO
SSBP2,BIPO
SST,BIPO
SSTR5,BIPO
SSTR5-AS1,BIPO
ST13,BIPO
ST3GAL1,BIPO
ST3GAL3,BIPO
ST8SIA2,BIPO
STAB1,BIPO
STAR,BIPO
STARD9,BIPO
STAT1,BIPO
STAT5A,BIPO
STAT5B,BIPO
STIN2-VNTR,BIPO
STK4,BIPO
STT3A,BIPO
STT3A-AS1,BIPO
STX17-AS1,BIPO
STX2,BIPO
STXBP3,BIPO
SVEP1,BIPO
SYN2,BIPO
SYN3,BIPO
SYNE1,BIPO
SYNGR1,BIPO
SYNJ1,BIPO
SYP,BIPO
TAAR6,BIPO
TAC1,BIPO
TACR1,BIPO
TAF15,BIPO
TAF9BP2,BIPO
TAGLN,BIPO
TBC1D22A,BIPO
TBC1D9,BIPO
TBX1,BIPO
TCF3,BIPO
TCF4,BIPO
TCF7L2,BIPO
TDO2,BIPO
TEMPS,BIPO
TENM3,BIPO
TENM4,BIPO
TERF2IP,BIPO
TERT,BIPO
TG,BIPO
TGFB1,BIPO
TGFB2,BIPO
TGM2,BIPO
TH,BIPO
THOP1,BIPO
THRA,BIPO
THRA1/BTR,BIPO
THSD7A,BIPO
TIMELESS,BIPO
TLCD4,BIPO
TLCD4-RWDD3,BIPO
TLE4,BIPO
TLL2,BIPO
TLR1,BIPO
TLR2,BIPO
TLR4,BIPO
TLR5,BIPO
TLR6,BIPO
TMEM132C,BIPO
TMEM165,BIPO
TMPRSS13,BIPO
TMPRSS5,BIPO
TMSB10,BIPO
TMTC1,BIPO
TNF,BIPO
TNFSF10,BIPO
TNFSF12,BIPO
TNFSF12-TNFSF13,BIPO
TNR,BIPO
TOM1,BIPO
TP53,BIPO
TPH1,BIPO
TPH2,BIPO
TPI1,BIPO
TPO,BIPO
TPSG1,BIPO
TPTEP2-CSNK1E,BIPO
TPX2,BIPO
TRAF3IP2-AS1,BIPO
TRANK1,BIPO
TRIM26,BIPO
TRIM42,BIPO
TRPC3,BIPO
TRPC4AP,BIPO
TRPC7,BIPO
TRPM2,BIPO
TRPM2-AS,BIPO
TRPV6,BIPO
TSBP1,BIPO
TSBP1-AS1,BIPO
TSHB,BIPO
TSHR,BIPO
TSHZ1,BIPO
TSNAX,BIPO
TSNAX-DISC1,BIPO
TSPAN32,BIPO
TSPAN8,BIPO
TSPO,BIPO
TTLL6,BIPO
TUBA8,BIPO
TUFM,BIPO
TUG1,BIPO
TWIST2,BIPO
TWNK,BIPO
TYR,BIPO
UBC,BIPO
UCP2,BIPO
UFD1,BIPO
ULK4,BIPO
USP46,BIPO
USP8,BIPO
UTS2,BIPO
UTS2R,BIPO
UXS1,BIPO
VAC14,BIPO
VAMP2,BIPO
VAMP3,BIPO
VAMP7,BIPO
VAPA,BIPO
VDR,BIPO
VEGFA,BIPO
VGF,BIPO
VIP,BIPO
VIPR2,BIPO
VN1R17P,BIPO
VPS53,BIPO
VRK2,BIPO
VTN,BIPO
VWA8,BIPO
WASF1,BIPO
WDR12,BIPO
WFS1,BIPO
WHRN,BIPO
XBP1,BIPO
YWHAE,BIPO
YWHAH,BIPO
YWHAZ,BIPO
ZBTB20,BIPO
ZBTB42,BIPO
ZCCHC2,BIPO
ZCCHC7,BIPO
ZDHHC8,BIPO
ZFPM2,BIPO
ZMYM3,BIPO
ZNF204P,BIPO
ZNF365,BIPO
ZNF493,BIPO
ZNF577,BIPO
ZNF592,BIPO
ZNF615,BIPO
ZNF740,BIPO
ZNF804A,BIPO
ZNF93,BIPO
ZNRD1,BIPO
ZUP1,BIPO
AADAT,ASD
AANAT,ASD
ABAT,ASD
ABCA13,ASD
ABCA7,ASD
ABCB1,ASD
ABCB6,ASD
ACACA,ASD
ACAN,ASD
ACKR3,ASD
ACSM3,ASD
ACTB,ASD
ACTC1,ASD
ACTN4,ASD
ADA,ASD
ADAM10,ASD
ADCYAP1R1,ASD
ADGRL3,ASD
ADNP,ASD
ADORA2A,ASD
ADORA2A-AS1,ASD
ADRA1A,ASD
ADRA2B,ASD
ADRA2C,ASD
ADRB2,ASD
AFF2,ASD
AFP,ASD
AGFG1,ASD
AGRP,ASD
AHI1,ASD
AHR,ASD
AHSA1,ASD
AIF1,ASD
AIFM1,ASD
AIM2,ASD
AIMP2,ASD
AKT1,ASD
ALDH1A1,ASD
ALDH1A3,ASD
AMT,ASD
AMY1A,ASD
AMY1B,ASD
AMY1C,ASD
ANGPT1,ASD
ANK2,ASD
ANK3,ASD
ANKK1,ASD
ANKRD11,ASD
APBA2,ASD
APC,ASD
APCS,ASD
APOC1,ASD
APOD,ASD
APOE,ASD
APP,ASD
AR,ASD
ARFGEF1,ASD
ARHGAP24,ASD
ARHGAP32,ASD
ARHGEF10,ASD
ARHGEF15,ASD
ARHGEF3,ASD
ARHGEF5,ASD
ARHGEF7,ASD
ARHGEF9,ASD
ARID1B,ASD
ARID2,ASD
ARID4B,ASD
ARNT2,ASD
ARNTL,ASD
ARNTL2,ASD
ARSA,ASD
ARSD,ASD
ARTN,ASD
ARX,ASD
ASCC1,ASD
ASH1L,ASD
ASMT,ASD
ASNS,ASD
ASTN2,ASD
ASXL3,ASD
ATG7,ASD
ATP10A,ASD
ATP13A2,ASD
ATP13A4,ASD
ATP2B2,ASD
ATP8A1,ASD
AUTS2,ASD
AVP,ASD
AVPR1A,ASD
B3GLCT,ASD
BACE1,ASD
BAG1,ASD
BAIAP2,ASD
BCKDK,ASD
BCL2,ASD
BDNF,ASD
BDNF-AS,ASD
BMP1,ASD
BMP4,ASD
BMS1,ASD
BRCA1,ASD
BRINP1,ASD
BRS3,ASD
BST1,ASD
BUB1,ASD
C4orf3,ASD
CA2,ASD
CACNA1A,ASD
CACNA1B,ASD
CACNA1C,ASD
CACNA1D,ASD
CACNA1G,ASD
CACNA1H,ASD
CACNB2,ASD
CAD,ASD
CADM1,ASD
CADPS,ASD
CADPS2,ASD
CALB2,ASD
CAMK2A,ASD
CAMK4,ASD
CAPG,ASD
CAPRIN1,ASD
CAPS2,ASD
CARS1,ASD
CARS1-AS1,ASD
CARS2,ASD
CASK,ASD
CASP1,ASD
CASP7,ASD
CAT,ASD
CAV3,ASD
CBLL2,ASD
CBLN2,ASD
CC2D1A,ASD
CCL11,ASD
CCL17,ASD
CCL2,ASD
CCL7,ASD
CD226,ASD
CD38,ASD
CD40,ASD
CD5L,ASD
CD69,ASD
CD79A,ASD
CDCA5,ASD
CDH10,ASD
CDH11,ASD
CDH13,ASD
CDH2,ASD
CDH8,ASD
CDH9,ASD
CDKL5,ASD
CDX2,ASD
CELF4,ASD
CEP41,ASD
CER1,ASD
CERNA3,ASD
CFP,ASD
CHAT,ASD
CHD2,ASD
CHD4,ASD
CHD5,ASD
CHD7,ASD
CHD8,ASD
CHDH,ASD
CHM,ASD
CHRNA3,ASD
CHRNA4,ASD
CHRNA7,ASD
CHRNB2,ASD
CIC,ASD
CIRBP,ASD
CLDN12,ASD
CLDN5,ASD
CLEC7A,ASD
CLIP1,ASD
CLN8,ASD
CLOCK,ASD
CMIP,ASD
CNTF,ASD
CNTN2,ASD
CNTN4,ASD
CNTN5,ASD
CNTN6,ASD
CNTNAP2,ASD
CNTNAP3,ASD
CNTNAP4,ASD
CNTNAP5,ASD
COBLL1,ASD
COG5,ASD
COL4A1,ASD
COL9A3,ASD
COMMD1,ASD
COMP,ASD
COMT,ASD
CORD1,ASD
COX2,ASD
COX5A,ASD
COX8A,ASD
CPB2,ASD
CPEB4,ASD
CPOX,ASD
CREB1,ASD
CREBBP,ASD
CRH,ASD
CRISP2,ASD
CRK,ASD
CRP,ASD
CS,ASD
CSF2,ASD
CTNNB1,ASD
CTNND2,ASD
CTSC,ASD
CTTNBP2,ASD
CUL3,ASD
CUX1,ASD
CUX2,ASD
CX3CR1,ASD
CXCL12,ASD
CXCL8,ASD
CXCR6,ASD
CYBB,ASD
CYFIP1,ASD
CYP11A1,ASD
CYP11B1,ASD
CYP11B2,ASD
CYP19A1,ASD
CYP1A2,ASD
CYP1B1,ASD
CYP1B1-AS1,ASD
CYP27A1,ASD
CYP27B1,ASD
CYP2C19,ASD
CYP2D6,ASD
CYP2E1,ASD
CYP2R1,ASD
CZ1P-ASNS,ASD
DAB1,ASD
DAO,ASD
DAOA,ASD
DBI,ASD
DCD,ASD
DDHD1,ASD
DDIT3,ASD
DDT,ASD
DDX53,ASD
DEAF1,ASD
DECR1,ASD
DEL11P13,ASD
DEPDC5,ASD
DGCR2,ASD
DGCR6,ASD
DHCR24,ASD
DHCR7,ASD
DHRS9,ASD
DIABLO,ASD
DIO2,ASD
DIO3,ASD
DIP2A,ASD
DIPK2A,ASD
DIPK2B,ASD
DISC1,ASD
DISC2,ASD
DLG4,ASD
DLGAP1,ASD
DLGAP4,ASD
DLX1,ASD
DLX2,ASD
DLX5,ASD
DLX6,ASD
DMD,ASD
DMXL2,ASD
DNAH8,ASD
DNASE1,ASD
DNASE1L1,ASD
DNMT1,ASD
DNMT3A,ASD
DNMT3B,ASD
DNMT3L,ASD
DOCK4,ASD
DPP10,ASD
DPP4,ASD
DPP6,ASD
DPYD,ASD
DPYSL3,ASD
DRD1,ASD
DRD2,ASD
DRD3,ASD
DRD4,ASD
DRD5,ASD
DST,ASD
DTNA,ASD
DYRK1A,ASD
EBPL,ASD
EDNRA,ASD
EEF1A2,ASD
EFCAB5,ASD
EGF,ASD
EGFR,ASD
EHBP1,ASD
EHMT1,ASD
EIF4E,ASD
EIF4EBP2,ASD
ELAVL2,ASD
ELK3,ASD
ELMOD1,ASD
ELMOD3,ASD
ELOVL2,ASD
ELOVL2-AS1,ASD
ELP4,ASD
EMSLR,ASD
EN2,ASD
ENO2,ASD
EPHA5,ASD
EPHB2,ASD
EPHX2,ASD
EPS8,ASD
ERBB4,ASD
ERC1,ASD
ERCC2,ASD
ERICD,ASD
ERMN,ASD
ERVMER34-1,ASD
ESCO2,ASD
ESR1,ASD
ESR2,ASD
EXT1,ASD
EYA1,ASD
EZH2,ASD
F2R,ASD
FA2H,ASD
FAAH,ASD
FABP1,ASD
FABP3,ASD
FABP5,ASD
FABP7,ASD
FADS1,ASD
FADS2,ASD
FAM107A,ASD
FAM120C,ASD
FAN1,ASD
FAP,ASD
FASTKD3,ASD
FBLIM1,ASD
FBXO31,ASD
FEV,ASD
FEZF2,ASD
FGA,ASD
FGF2,ASD
FGFR2,ASD
FH,ASD
FKBP5,ASD
FMR1,ASD
FMR1-AS1,ASD
FNDC3A,ASD
FOLH1,ASD
FOLR1,ASD
FOLR2,ASD
FOSL1,ASD
FOXC1,ASD
FOXE3,ASD
FOXF1,ASD
FOXG1,ASD
FOXN1,ASD
FOXP1,ASD
FOXP2,ASD
FOXP3,ASD
FRA7A,ASD
FRAXE,ASD
FUZ,ASD
FYN,ASD
GABPA,ASD
GABRA4,ASD
GABRA5,ASD
GABRB3,ASD
GABRG1,ASD
GABRG2,ASD
GABRQ,ASD
GAD1,ASD
GAD2,ASD
GALNT17,ASD
GAN,ASD
GATA4,ASD
GC,ASD
GDI1,ASD
GDNF,ASD
GEM,ASD
GFAP,ASD
GGCT,ASD
GLO1,ASD
GLRA2,ASD
GLUL,ASD
GML,ASD
GNB1L,ASD
GPHN,ASD
GPR155,ASD
GPR37,ASD
GPR42,ASD
GPR50,ASD
GPRASP2,ASD
GRAP2,ASD
GREM1,ASD
GRIA1,ASD
GRIA2,ASD
GRIK2,ASD
GRIK4,ASD
GRIN1,ASD
GRIN2A,ASD
GRIN2B,ASD
GRM1,ASD
GRM2,ASD
GRM5,ASD
GRM7,ASD
GRM8,ASD
GRP,ASD
GRPR,ASD
GSK3B,ASD
GSR,ASD
GSTA1,ASD
GSTK1,ASD
GSTM1,ASD
GSTM5,ASD
GSTP1,ASD
GSTT1,ASD
GTF2I,ASD
GZMB,ASD
H1-4,ASD
H3P40,ASD
HAGH,ASD
HAVCR1,ASD
HAVCR2,ASD
HDAC4,ASD
HEPACAM,ASD
HERC1,ASD
HERC2,ASD
HES1,ASD
HEY1,ASD
HFE,ASD
HGF,ASD
HLA-A,ASD
HLA-B,ASD
HLA-C,ASD
HLA-DPA1,ASD
HLA-DPB1,ASD
HLA-DRB1,ASD
HLA-G,ASD
HMGB1,ASD
HMGN1,ASD
HNF1B,ASD
HNRNPU,ASD
HOTAIR,ASD
HOTAIRM1,ASD
HOXA1,ASD
HOXB1,ASD
HOXB8,ASD
HOXD@,ASD
HOXD11,ASD
HP,ASD
HPGDS,ASD
HRAS,ASD
HRH4,ASD
HSPA1A,ASD
HSPA1B,ASD
HSPA4,ASD
HTC2,ASD
HTR1A,ASD
HTR1B,ASD
HTR2A,ASD
HTR2C,ASD
HTR3C,ASD
HTR7,ASD
ICA1,ASD
IDS,ASD
IFNA1,ASD
IFNA13,ASD
IFNG,ASD
IFNG-AS1,ASD
IGF1,ASD
IGF2,ASD
IGFBP5,ASD
IL10,ASD
IL13,ASD
IL15,ASD
IL16,ASD
IL17A,ASD
IL17RA,ASD
IL18,ASD
IL1A,ASD
IL1B,ASD
IL1RAP,ASD
IL1RAPL1,ASD
IL1RAPL2,ASD
IL1RN,ASD
IL2,ASD
IL23A,ASD
IL23R,ASD
IL37,ASD
IL4,ASD
IL5,ASD
IL6,ASD
IL7,ASD
IL9,ASD
IMMP2L,ASD
INS,ASD
INSR,ASD
INTU,ASD
IQCB1,ASD
IQGAP3,ASD
IQSEC2,ASD
IRF1,ASD
IRS1,ASD
IRS2,ASD
ITGB3,ASD
ITPR1,ASD
ITPR3,ASD
JAK2,ASD
JAKMIP1,ASD
JARID2,ASD
JMJD1C,ASD
KANK1,ASD
KATNAL2,ASD
KCNJ10,ASD
KCNJ2,ASD
KCNJ9,ASD
KCNMA1,ASD
KCNQ2,ASD
KCTD13,ASD
KDM4C,ASD
KDM5A,ASD
KDM5B,ASD
KDM5C,ASD
KIAA0319,ASD
KIF1A,ASD
KIF21B,ASD
KIR2DS1,ASD
KIR3DL1,ASD
KIRREL3,ASD
KLF12,ASD
KLF16,ASD
KLLN,ASD
KLRC2,ASD
KMT2C,ASD
KMT5B,ASD
KNG1,ASD
KRT7,ASD
L1CAM,ASD
LAMB1,ASD
LAMC3,ASD
LANCL2,ASD
LAT,ASD
LBX1,ASD
LDHB,ASD
LEP,ASD
LGALS7,ASD
LGALS7B,ASD
LIG4,ASD
LIN7B,ASD
LINC00907,ASD
LINC01672,ASD
LINC02605,ASD
LINC-PINT,ASD
LMNA,ASD
LNPEP,ASD
LOC100132215,ASD
LOC101927870,ASD
LOC102723407,ASD
LOC102724058,ASD
LOC102724971,ASD
LOC105369655,ASD
LOC105371475,ASD
LOC105371720,ASD
LOC105373780,ASD
LOC107984406,ASD
LOC107986721,ASD
LOC107987479,ASD
LOC110806262,ASD
LOC112268151,ASD
LPAR2,ASD
LRFN2,ASD
LRFN5,ASD
LRP1,ASD
LRP2,ASD
LRP2BP,ASD
LRRC4,ASD
LRRN3,ASD
LRRTM3,ASD
LTA,ASD
LYZ,ASD
MACROD2,ASD
MAGEL2,ASD
MAOA,ASD
MAOB,ASD
MAP1LC3B,ASD
MAP2K1,ASD
MAPK1,ASD
MAPK14,ASD
MAPK3,ASD
MAPK7,ASD
MAPK8IP2,ASD
MAPT,ASD
MARK1,ASD
MARK2,ASD
MBD5,ASD
MBNL1,ASD
MBOAT7,ASD
MCPH1,ASD
MDD1,ASD
MDK,ASD
MEA1,ASD
MECP2,ASD
MEF2A,ASD
MEF2C,ASD
MEFV,ASD
MET,ASD
METTL21C,ASD
MIA,ASD
MIB1,ASD
MIF,ASD
MIF-AS1,ASD
MIP,ASD
MIR124-1,ASD
MIR1290,ASD
MIR132,ASD
MIR137,ASD
MIR140,ASD
MIR21,ASD
MIR34A,ASD
MIR34B,ASD
MIR451A,ASD
MIR4761,ASD
MIR484,ASD
MIR486-1,ASD
MIR6126,ASD
MIR656,ASD
MIR873,ASD
MKI67,ASD
MKNK1,ASD
MLF1,ASD
MLXIPL,ASD
MME,ASD
MMP3,ASD
MMP9,ASD
MNT,ASD
MOCOS,ASD
MOG,ASD
MPDZ,ASD
MRC1,ASD
MRTFB,ASD
MSANTD2,ASD
MSC,ASD
MSN,ASD
MSNP1,ASD
MSX1,ASD
MSX2,ASD
MTCO2P12,ASD
MTHFR,ASD
MTNR1A,ASD
MTNR1B,ASD
MTOR,ASD
MTR,ASD
MTRR,ASD
MUL1,ASD
MUSK,ASD
MYH10,ASD
MYH6,ASD
MYO16,ASD
MYT1L,ASD
NAA15,ASD
NANOS1,ASD
NBEA,ASD
NBEAL1,ASD
NCAM1,ASD
NCAM2,ASD
NCOA6,ASD
NCOR1,ASD
NCS1,ASD
NDUFS1,ASD
NDUFV1,ASD
NEAT1,ASD
NEGR1,ASD
NEMF,ASD
NEO1,ASD
NEXMIF,ASD
NF1,ASD
NFE2L2,ASD
NFIB,ASD
NFKB1,ASD
NFKBIL1,ASD
NGF,ASD
NGFR,ASD
NKX2-5,ASD
NLGN1,ASD
NLGN2,ASD
NLGN3,ASD
NLGN4X,ASD
NLGN4Y-AS1,ASD
NOC2L,ASD
NOS1,ASD
NOS1AP,ASD
NOS2,ASD
NOTCH1,ASD
NPPA,ASD
NPY,ASD
NR1D1,ASD
NR1I2,ASD
NR3C1,ASD
NR3C2,ASD
NR4A1,ASD
NR4A2,ASD
NRCAM,ASD
NRG1,ASD
NRIP1,ASD
NRP2,ASD
NRXN1,ASD
NRXN2,ASD
NRXN3,ASD
NSD1,ASD
NSUN2,ASD
NTM,ASD
NTRK1,ASD
NTS,ASD
NTSR1,ASD
NUAK1,ASD
NUFIP2,ASD
NXPH1,ASD
OGG1,ASD
OLIG2,ASD
OPN1LW,ASD
OPN1MW,ASD
OPN1MW2,ASD
OPN1MW3,ASD
OPN1SW,ASD
OPRK1,ASD
OPRM1,ASD
OSR1,ASD
OTX1,ASD
OXT,ASD
OXTR,ASD
P2RX7,ASD
P2RY12,ASD
PACERR,ASD
PAFAH1B1,ASD
PAG1,ASD
PAH,ASD
PAK2,ASD
PAM,ASD
PANDAR,ASD
PARK7,ASD
PART1,ASD
PAX3,ASD
PAX6,ASD
PCBP4,ASD
PCDH10,ASD
PCDH15,ASD
PCDH19,ASD
PCDH9,ASD
PCYT1A,ASD
PDE10A,ASD
PDZK1,ASD
PEG10,ASD
PER1,ASD
PERCC1,ASD
PEX7,ASD
PF4,ASD
PHB,ASD
PHB2,ASD
PHF21A,ASD
PHLDA2,ASD
PIEZO1,ASD
PIK3CA,ASD
PIK3CB,ASD
PIK3CD,ASD
PIK3CG,ASD
PITX2,ASD
PITX3,ASD
PKD2,ASD
PLA1A,ASD
PLA2G12A,ASD
PLA2G4C,ASD
PLAC8,ASD
PLAUR,ASD
PLCB1,ASD
PLG,ASD
POGZ,ASD
POLDIP2,ASD
POMC,ASD
POMGNT1,ASD
PON1,ASD
POR,ASD
POU3F2,ASD
PPARA,ASD
PPARG,ASD
PPARGC1A,ASD
PPL,ASD
PPP1R1B,ASD
PPP1R2C,ASD
PPP2R5D,ASD
PRDX2,ASD
PREX1,ASD
PRICKLE1,ASD
PRICKLE2,ASD
PRKAG2,ASD
PRKCB,ASD
PRKN,ASD
PRL,ASD
PRLR,ASD
PRODH,ASD
PRPF8,ASD
PRRT2,ASD
PRRX2,ASD
PRSS55,ASD
PSD,ASD
PSD4,ASD
PSEN2,ASD
PSMD12,ASD
PTCHD1,ASD
PTCHD1-AS,ASD
PTCHD3,ASD
PTEN,ASD
PTGES,ASD
PTGES3,ASD
PTGS1,ASD
PTGS2,ASD
PTLS,ASD
PTPN4,ASD
PTPRA,ASD
PTPRG,ASD
PTPRT,ASD
PVALB,ASD
PWAR1,ASD
RAB11FIP5,ASD
RAB2A,ASD
RAB39B,ASD
RABEP2,ASD
RAC1,ASD
RAI1,ASD
RANBP1,ASD
RANGAP1,ASD
RAPGEF4,ASD
RARB,ASD
RBFA,ASD
RBFOX1,ASD
RBFOX3,ASD
RBM45,ASD
RELN,ASD
RERE,ASD
REST,ASD
RETN,ASD
RFC1,ASD
RHCE,ASD
RHD,ASD
RIMS1,ASD
RIT2,ASD
RMDN1,ASD
RMDN2,ASD
RMDN3,ASD
RN7SL263P,ASD
RNF135,ASD
RNF19A,ASD
ROGDI,ASD
RORA,ASD
ROS1,ASD
RPL10,ASD
RPP25,ASD
RPS10P2,ASD
RPS6,ASD
RPS6KA6,ASD
RSS,ASD
RTN3,ASD
RTN4R,ASD
RYR2,ASD
S100A1,ASD
S100B,ASD
SAA1,ASD
SAA2,ASD
SAFB,ASD
SAT1,ASD
SATB2,ASD
SBF1,ASD
SBNO1,ASD
SBNO2,ASD
SCD,ASD
SCLY,ASD
SCN1A,ASD
SCN1A-AS1,ASD
SCN2A,ASD
SCN3A,ASD
SCN8A,ASD
SCN9A,ASD
SCT,ASD
SDC4,ASD
SEMA3B,ASD
SEMA3F,ASD
SEMA5A,ASD
SEMA6A,ASD
SENP7,ASD
SEPTIN5,ASD
SERINC2,ASD
SERPINA5,ASD
SET,ASD
SETD1A,ASD
SETD2,ASD
SETD5,ASD
SETDB1,ASD
SEZ6L,ASD
SEZ6L2,ASD
SFSWAP,ASD
SH2D1A,ASD
SH2D6,ASD
SHANK1,ASD
SHANK2,ASD
SHANK3,ASD
SHBG,ASD
SIL1,ASD
SIN3A,ASD
SIRT1,ASD
SKIL,ASD
SLC12A2,ASD
SLC12A3,ASD
SLC12A5,ASD
SLC16A2,ASD
SLC16A7,ASD
SLC18A1,ASD
SLC19A1,ASD
SLC1A1,ASD
SLC1A2,ASD
SLC25A12,ASD
SLC26A1,ASD
SLC27A4,ASD
SLC2A1,ASD
SLC2A3,ASD
SLC32A1,ASD
SLC33A1,ASD
SLC35A3,ASD
SLC38A1,ASD
SLC3A2,ASD
SLC52A2,ASD
SLC6A1,ASD
SLC6A2,ASD
SLC6A3,ASD
SLC6A4,ASD
SLC6A8,ASD
SLC7A3,ASD
SLC7A5,ASD
SLC7A8,ASD
SLC9A9,ASD
SLCO6A1,ASD
SLF1,ASD
SLF2,ASD
SLU7,ASD
SMARCA2,ASD
SMARCA4,ASD
SMARCB1,ASD
SMS,ASD
SNAP25,ASD
SNAP25-AS1,ASD
SNCB,ASD
SNCG,ASD
SND1,ASD
SNORA70,ASD
SNRNP70,ASD
SNRPN,ASD
SNTG2,ASD
SOAT1,ASD
SOD1,ASD
SOD2,ASD
SOD3,ASD
SORT1,ASD
SOX3,ASD
SOX5,ASD
SOX9,ASD
SPAST,ASD
SPATA6L,ASD
SPECC1L-ADORA2A,ASD
SPINT1,ASD
SPN,ASD
SPZ1,ASD
SRF,ASD
SRRM4,ASD
SRY,ASD
SSTR4,ASD
ST14,ASD
ST8SIA2,ASD
STAM,ASD
STAT5A,ASD
STAT5B,ASD
STS,ASD
STX16,ASD
STX18,ASD
STX18-AS1,ASD
STX1A,ASD
SUB1,ASD
SUPT16H,ASD
SYBU,ASD
SYN1,ASD
SYN2,ASD
SYN3,ASD
SYNE1,ASD
SYNE2,ASD
SYNGAP1,ASD
SYNM,ASD
SYTL4,ASD
SYVN1,ASD
TAAR6,ASD
TAC1,ASD
TAFA3,ASD
TAL1,ASD
TAOK1,ASD
TAOK2,ASD
TAZ,ASD
TBC1D9,ASD
TBL1X,ASD
TBL1XR1,ASD
TBR1,ASD
TBX1,ASD
TCF20,ASD
TCF4,ASD
TCN2,ASD
TERF1,ASD
TERT,ASD
TESC,ASD
TET1,ASD
TET3,ASD
TFB2M,ASD
TGFB1,ASD
TGFB2,ASD
TGM2,ASD
TGM6,ASD
THAS,ASD
THBS1,ASD
THRB,ASD
TIMELESS,ASD
TIMP4,ASD
TLK1,ASD
TLK2,ASD
TLL1,ASD
TLR4,ASD
TM7SF2,ASD
TMEM185A,ASD
TMEM187,ASD
TMLHE,ASD
TNF,ASD
TNFRSF1A,ASD
TNPO3,ASD
TNRC6B,ASD
TOP1,ASD
TOP2B,ASD
TOR3A,ASD
TPH1,ASD
TPH2,ASD
TPI1,ASD
TRAPPC8,ASD
TRERF1,ASD
TRH,ASD
TRHR,ASD
TRIM32,ASD
TRIO,ASD
TRIP12,ASD
TRPC5,ASD
TRPC6,ASD
TRPM2,ASD
TSC1,ASD
TSC2,ASD
TSHZ3,ASD
TSNAX,ASD
TSPAN12,ASD
TSPO,ASD
TTC25,ASD
TUG1,ASD
TWIST1,ASD
UBA6,ASD
UBE2K,ASD
UBE3A,ASD
UBE4A,ASD
UBXN11,ASD
UCP3,ASD
UGT1A1,ASD
UNC80,ASD
UPF3B,ASD
UPP2,ASD
UROD,ASD
USH2A,ASD
USP7,ASD
VCP,ASD
VDR,ASD
VEGFA,ASD
VIP,ASD
VPS13B,ASD
VPS18,ASD
VRK3,ASD
WASF1,ASD
WDFY3,ASD
WDR45,ASD
WDR62,ASD
WDR90,ASD
WDTC1,ASD
WNT1,ASD
WNT10B,ASD
WNT2,ASD
WT1,ASD
WWOX,ASD
XG,ASD
XPO1,ASD
XRCC4,ASD
XRCC6,ASD
XRN2,ASD
YWHAE,ASD
ZBTB18,ASD
ZBTB20,ASD
ZIC2,ASD
ZNF292,ASD
ZNF335,ASD
ZNF407,ASD
ZNF462,ASD
ZNF713,ASD
ZNF804A,ASD
A1BG,SZ
A1CF,SZ
A2M,SZ
AADAT,SZ
ABCA1,SZ
ABCA13,SZ
ABCA5,SZ
ABCB1,SZ
ABCB6,SZ
ABCB9,SZ
ABCF1,SZ
ABCG1,SZ
ABCG2,SZ
ABO,SZ
ACACA,SZ
ACADS,SZ
ACAN,SZ
ACE,SZ
ACE2,SZ
ACHE,SZ
ACKR3,SZ
ACO2,SZ
ACOT6,SZ
ACOT7,SZ
ACP1,SZ
ACP3,SZ
ACP6,SZ
ACSL4,SZ
ACSL6,SZ
ACSM1,SZ
ACSM3,SZ
ACTB,SZ
ACTBL2,SZ
ACTC1,SZ
ACTG1,SZ
ACTG1P22,SZ
ACTG2,SZ
ACTL7A,SZ
ACTR2,SZ
ACTR3,SZ
ADA,SZ
ADAM10,SZ
ADAM11,SZ
ADAM12,SZ
ADAM17,SZ
ADAMTS10,SZ
ADAMTS12,SZ
ADAMTS16,SZ
ADAMTS2,SZ
ADAMTS3,SZ
ADAMTS4,SZ
ADAMTSL3,SZ
ADAMTSL4-AS1,SZ
ADARB1,SZ
ADCK1,SZ
ADCY1,SZ
ADCY7,SZ
ADCYAP1,SZ
ADCYAP1R1,SZ
ADD2,SZ
ADGRF4,SZ
ADGRV1,SZ
ADH5,SZ
ADIPOQ,SZ
ADIPOQ-AS1,SZ
ADK,SZ
ADM,SZ
ADNP,SZ
ADNP2,SZ
ADO,SZ
ADORA1,SZ
ADORA2A,SZ
ADRA1A,SZ
ADRA1D,SZ
ADRA2A,SZ
ADRA2B,SZ
ADRA2C,SZ
ADRB2,SZ
ADRB3,SZ
ADSS2,SZ
AFF3,SZ
AFM,SZ
AGA,SZ
AGAP1,SZ
AGAP3,SZ
AGBL4,SZ
AGER,SZ
AGO2,SZ
AGRP,SZ
AGT,SZ
AGTR1,SZ
AGXT2,SZ
AHI1,SZ
AHSA1,SZ
AICDA,SZ
AIMP2,SZ
AK1,SZ
AK3,SZ
AKAP5,SZ
AKAP6,SZ
AKAP9,SZ
AKR1A1,SZ
AKT1,SZ
AKT2,SZ
AKT3,SZ
ALAS1,SZ
ALB,SZ
ALCAM,SZ
ALDH1A1,SZ
ALDH1A2,SZ
ALDH1L1,SZ
ALDH2,SZ
ALDH3A1,SZ
ALDH3B1,SZ
ALDH7A1,SZ
ALDOC,SZ
ALG1,SZ
ALG12,SZ
ALG9,SZ
ALK,SZ
ALMS1,SZ
ALOX12,SZ
ALOX12-AS1,SZ
ALS2CL,SZ
ALYREF,SZ
AMACR,SZ
AMBP,SZ
AMBRA1,SZ
AMELX,SZ
AMIGO1,SZ
AMOTL1,SZ
AMT,SZ
AMY1A,SZ
ANGPT2,SZ
ANGPTL2,SZ
ANGPTL4,SZ
ANK3,SZ
ANKK1,SZ
ANKRD12,SZ
ANKRD23,SZ
ANKS1B,SZ
ANLN,SZ
ANO4,SZ
ANOS1,SZ
ANXA1,SZ
ANXA3,SZ
ANXA6,SZ
AOC1,SZ
AP2B1,SZ
AP3M1,SZ
APBA1,SZ
APBA2,SZ
APC,SZ
APEX2,SZ
APOA1,SZ
APOA4,SZ
APOA5,SZ
APOD,SZ
APOE,SZ
APOH,SZ
APOL1,SZ
APOL2,SZ
APOL4,SZ
APP,SZ
APRT,SZ
AQP3,SZ
AQP4,SZ
AR,SZ
ARC,SZ
ARF1,SZ
ARFGEF1,SZ
ARHGAP1,SZ
ARHGAP11B,SZ
ARHGAP15,SZ
ARHGAP18,SZ
ARHGAP32,SZ
ARHGAP33,SZ
ARHGAP4,SZ
ARHGEF10L,SZ
ARHGEF11,SZ
ARHGEF2,SZ
ARHGEF26,SZ
ARHGEF6,SZ
ARHGEF7,SZ
ARID2,SZ
ARID3B,SZ
ARL3,SZ
ARL6IP5,SZ
ARNT,SZ
ARNT2,SZ
ARRB2,SZ
ARSA,SZ
ARSD,SZ
ARSG,SZ
ART3,SZ
ARVCF,SZ
ARX,SZ
AS3MT,SZ
ASAH1,SZ
ASAP1,SZ
ASB16,SZ
ASCC1,SZ
ASCL1,SZ
ASH2L,SZ
ASIP,SZ
ASPA,SZ
ASPM,SZ
ASTN1,SZ
ASTN2,SZ
ATAT1,SZ
ATCAY,SZ
ATF3,SZ
ATF4,SZ
ATF6B,SZ
ATF7IP,SZ
ATG5,SZ
ATG9A,SZ
ATL3,SZ
ATM,SZ
ATN1,SZ
ATP13A4,SZ
ATP13A5,SZ
ATP2A2,SZ
ATP2B2,SZ
ATP2B4,SZ
ATP5F1A,SZ
ATP5F1C,SZ
ATP5PD,SZ
ATP6,SZ
ATP6V0D1,SZ
ATP6V1A,SZ
ATP6V1E2,SZ
ATXN1,SZ
ATXN2,SZ
ATXN7,SZ
ATXN8OS,SZ
AUTS1,SZ
AUTS2,SZ
AVP,SZ
AVPR1A,SZ
B2M,SZ
B3GAT1,SZ
B3GAT2,SZ
B3GNT2,SZ
B9D1,SZ
B9D2,SZ
BACE1,SZ
BACE1-AS,SZ
BACE2,SZ
BACH1,SZ
BAG1,SZ
BAGE,SZ
BAIAP2,SZ
BBOX1,SZ
BBS4,SZ
BBX,SZ
BCAN,SZ
BCAP31,SZ
BCAR3,SZ
BCAS1,SZ
BCHE,SZ
BCL11A,SZ
BCL11B,SZ
BCL2,SZ
BCL9,SZ
BDNF,SZ
BDNF-AS,SZ
BECN1,SZ
BEST1,SZ
BFAR,SZ
BHLHE40,SZ
BID,SZ
BIK,SZ
BLOC1S1,SZ
BLOC1S3,SZ
BLOC1S5,SZ
BLOC1S5-TXNDC5,SZ
BLOC1S6,SZ
BLVRB,SZ
BMP1,SZ
BMP6,SZ
BMPR1B,SZ
BMS1,SZ
BNIP3L,SZ
BORCS7,SZ
BORCS7-ASMT,SZ
BPIFA2,SZ
BRAP,SZ
BRCA1,SZ
BRCA2,SZ
BRD1,SZ
BRD3,SZ
BRD4,SZ
BRINP1,SZ
BRS3,SZ
BSG,SZ
BSN,SZ
BTBD9,SZ
BTC,SZ
BTG1,SZ
BTN1A1,SZ
BTN2A1,SZ
BTN2A2,SZ
BTN3A1,SZ
BTN3A2,SZ
BTNL2,SZ
BUB1B-PAK6,SZ
C10orf90,SZ
C11orf21,SZ
C11orf65,SZ
C12orf42,SZ
C12orf65,SZ
C1orf167,SZ
C1orf167-AS1,SZ
C1QA,SZ
C1QB,SZ
C1QTNF3,SZ
C1QTNF3-AMACR,SZ
C2,SZ
C21orf62,SZ
C2-AS1,SZ
C3,SZ
C3orf38,SZ
C3orf49,SZ
C4A,SZ
C4B,SZ
C4B_2,SZ
C4BPA,SZ
C4BPB,SZ
C5,SZ
C6orf15,SZ
C9orf72,SZ
CA2,SZ
CABIN1,SZ
CABLES1,SZ
CABP1,SZ
CABP5,SZ
CACHD1,SZ
CACNA1A,SZ
CACNA1B,SZ
CACNA1C,SZ
CACNA1D,SZ
CACNA1F,SZ
CACNA1I,SZ
CACNA1S,SZ
CACNA2D3,SZ
CACNB2,SZ
CACNB4,SZ
CACNG2,SZ
CACNG4,SZ
CACNG5,SZ
CACNG6,SZ
CACNG8,SZ
CADM2,SZ
CADM3,SZ
CADM3-AS1,SZ
CADPS2,SZ
CALB1,SZ
CALB2,SZ
CALHM1,SZ
CALM1,SZ
CALM2,SZ
CALM3,SZ
CALN1,SZ
CALR,SZ
CALY,SZ
CAMK1D,SZ
CAMK2A,SZ
CAMK2B,SZ
CAMKK2,SZ
CAMKMT,SZ
CAMP,SZ
CAPN10,SZ
CARF,SZ
CARMIL1,SZ
CARTPT,SZ
CASC15,SZ
CASP1,SZ
CASP3,SZ
CASP4,SZ
CAT,SZ
CAV1,SZ
CAV3,SZ
CBLIF,SZ
CBS,SZ
CBSL,SZ
CCDC102B,SZ
CCDC122,SZ
CCDC137,SZ
CCDC162P,SZ
CCDC170,SZ
CCDC175,SZ
CCDC192,SZ
CCDC25,SZ
CCDC39,SZ
CCDC60,SZ
CCDC68,SZ
CCDC86,SZ
CCDC88C,SZ
CCHCR1,SZ
CCK,SZ
CCKAR,SZ
CCKBR,SZ
CCL11,SZ
CCL17,SZ
CCL2,SZ
CCL21,SZ
CCL22,SZ
CCL4,SZ
CCL4L1,SZ
CCL4L2,SZ
CCN6,SZ
CCNA2,SZ
CCND1,SZ
CCND2,SZ
CCNH,SZ
CCR2,SZ
CCR5,SZ
CCRL2,SZ
CCT3,SZ
CCT6A,SZ
CD14,SZ
CD160,SZ
CD163,SZ
CD19,SZ
CD28,SZ
CD2AP,SZ
CD36,SZ
CD38,SZ
CD4,SZ
CD40,SZ
CD46,SZ
CD48,SZ
CD59,SZ
CD68,SZ
CD79A,SZ
CD8B,SZ
CD9,SZ
CD99,SZ
CDA,SZ
CDC25C,SZ
CDC42,SZ
CDC42-AS1,SZ
CDC42BPA,SZ
CDC42EP3,SZ
CDC42EP4,SZ
CDC42SE1,SZ
CDC42SE2,SZ
CDC45,SZ
CDCA3,SZ
CDCA5,SZ
CDH11,SZ
CDH13,SZ
CDH15,SZ
CDH20,SZ
CDH23,SZ
CDK16,SZ
CDK2AP2,SZ
CDK4,SZ
CDK5,SZ
CDK5R1,SZ
CDK9,SZ
CDKN1A,SZ
CDKN1C,SZ
CDKN2A,SZ
CDNF,SZ
CEACAM21,SZ
CECR,SZ
CELF2,SZ
CELSR1,SZ
CENPM,SZ
CEP295NL,SZ
CEP41,SZ
CEP78,SZ
CERNA3,SZ
CES2,SZ
CETN1,SZ
CFAP65,SZ
CFB,SZ
CFC1,SZ
CFH,SZ
CFL1,SZ
CFP,SZ
CGA,SZ
CGNL1,SZ
CHAT,SZ
CHD4,SZ
CHD8,SZ
CHDH,SZ
CHEK1,SZ
CHGA,SZ
CHGB,SZ
CHI3L1,SZ
CHL1,SZ
CHP1,SZ
CHPT1,SZ
CHRFAM7A,SZ
CHRM1,SZ
CHRM2,SZ
CHRM3,SZ
CHRM4,SZ
CHRM5,SZ
CHRNA1,SZ
CHRNA2,SZ
CHRNA3,SZ
CHRNA4,SZ
CHRNA5,SZ
CHRNA7,SZ
CHRNB2,SZ
CHST10,SZ
CHST11,SZ
CHST3,SZ
CHST9,SZ
CHURC1,SZ
CIB2,SZ
CIT,SZ
CKB,SZ
CKLF,SZ
CKLF-CMTM1,SZ
CLAM,SZ
CLCN3,SZ
CLDN1,SZ
CLDN11,SZ
CLDN12,SZ
CLDN5,SZ
CLEC10A,SZ
CLEC4D,SZ
CLINT1,SZ
CLK2P1,SZ
CLOCK,SZ
CLRN1,SZ
CLSTN3,SZ
CLTB,SZ
CLU,SZ
CLVS1,SZ
CLVS2,SZ
CMAHP,SZ
CMTM1,SZ
CMYA5,SZ
CNBP,SZ
CNIH3,SZ
CNNM2,SZ
CNNM3,SZ
CNOT1,SZ
CNP,SZ
CNPPD1,SZ
CNR1,SZ
CNR2,SZ
CNRIP1,SZ
CNTF,SZ
CNTN2,SZ
CNTN4,SZ
CNTN5,SZ
CNTN6,SZ
CNTNAP2,SZ
CNTNAP3,SZ
CNTNAP5,SZ
COA8,SZ
COL2A1,SZ
COL3A1,SZ
COL9A3,SZ
COMETT,SZ
COMMD10,SZ
COMT,SZ
COMTD1,SZ
COPE,SZ
COQ10B,SZ
CORO7,SZ
CORO7-PAM16,SZ
CORT,SZ
COX1,SZ
COX11P1,SZ
COX2,SZ
COX5A,SZ
COX8A,SZ
CP,SZ
CPEB1,SZ
CPLX1,SZ
CPLX2,SZ
CPNE1,SZ
CPOX,SZ
CPS1,SZ
CREB1,SZ
CREBBP,SZ
CREM,SZ
CRH,SZ
CRHBP,SZ
CRHR2,SZ
CRIP1,SZ
CRIP2,SZ
CRK,SZ
CRLS1,SZ
CRMP1,SZ
CRP,SZ
CRY1,SZ
CRY2,SZ
CRYBB1,SZ
CRYBB2,SZ
CRYGD,SZ
CRYM,SZ
CRYZ,SZ
CSF2,SZ
CSF2RA,SZ
CSF2RB,SZ
CSMD1,SZ
CSMD2,SZ
CSNK1D,SZ
CSNK1E,SZ
CSNK2A1,SZ
CSNK2B,SZ
CSPG4,SZ
CSPG5,SZ
CST3,SZ
CST9,SZ
CTCF,SZ
CTIF,SZ
CTLA4,SZ
CTNNA2,SZ
CTNNA3,SZ
CTNNB1,SZ
CTNNBL1,SZ
CTNND2,SZ
CTRL,SZ
CTSC,SZ
CTSK,SZ
CTXN3,SZ
CUL3,SZ
CUX1,SZ
CUX2,SZ
CWC22,SZ
CX3CR1,SZ
CXCL1,SZ
CXCL10,SZ
CXCL12,SZ
CXCL16,SZ
CXCL17,SZ
CXCL8,SZ
CXCR4,SZ
CXCR6,SZ
CXXC4-AS1,SZ
CYB561D1,SZ
CYFIP1,SZ
CYFIP2,SZ
CYHR1,SZ
CYP19A1,SZ
CYP1A2,SZ
CYP21A2,SZ
CYP26B1,SZ
CYP26C1,SZ
CYP2B6,SZ
CYP2C19,SZ
CYP2C9,SZ
CYP2D6,SZ
CYP2D7,SZ
CYP2E1,SZ
CYP3A4,SZ
CYP3A43,SZ
CYP3A5,SZ
CYP4F3,SZ
CYTH4,SZ
DAAM2,SZ
DAB1,SZ
DAGLA,SZ
DAO,SZ
DAOA,SZ
DAOA-AS1,SZ
DAP,SZ
DAXX,SZ
DAZAP1,SZ
DBH,SZ
DBH-AS1,SZ
DBI,SZ
DBN1,SZ
DCAF1,SZ
DCC,SZ
DCDC2,SZ
DCLK1,SZ
DCR,SZ
DCX,SZ
DDC,SZ
DDN,SZ
DDO,SZ
DDR1,SZ
DDTL,SZ
DECR1,SZ
DEGS2,SZ
DEK,SZ
DEL22Q11.2,SZ
DELE1,SZ
DENND4A,SZ
DENND5B,SZ
DENND6B,SZ
DES,SZ
DESI1,SZ
DFNB47,SZ
DGCR,SZ
DGCR2,SZ
DGCR6,SZ
DGCR8,SZ
DGKH,SZ
DGKI,SZ
DGKZ,SZ
DHDDS,SZ
DHFR,SZ
DHH,SZ
DHX9,SZ
DIAPH2,SZ
DICER1,SZ
DIO3,SZ
DIP,SZ
DISC1,SZ
DISC1-IT1,SZ
DISC2,SZ
DIXDC1,SZ
DKK1,SZ
DKK3,SZ
DKK4,SZ
DLC1,SZ
DLD,SZ
DLEU2,SZ
DLG1,SZ
DLG2,SZ
DLG2-AS1,SZ
DLG3,SZ
DLG4,SZ
DLGAP1,SZ
DLGAP2,SZ
DLGAP3,SZ
DLK1,SZ
DLL1,SZ
DLL4,SZ
DLX1,SZ
DM1-AS,SZ
DMD,SZ
DMRTA2,SZ
DMTF1,SZ
DNAH1,SZ
DNAH9,SZ
DNAJA3,SZ
DNAJB1,SZ
DNAJB14,SZ
DNAJB4,SZ
DNAJC13,SZ
DNAJC5,SZ
DNAJC6,SZ
DNALI1,SZ
DNASE1,SZ
DNASE1L1,SZ
DNASE1L3,SZ
DNM1,SZ
DNMT1,SZ
DNMT3A,SZ
DNMT3B,SZ
DNMT3L,SZ
DNTT,SZ
DOCK1,SZ
DOCK4,SZ
DOP1A,SZ
DPYD,SZ
DPYS,SZ
DPYSL2,SZ
DR1,SZ
DRD1,SZ
DRD2,SZ
DRD3,SZ
DRD4,SZ
DRD5,SZ
DRG1,SZ
DROSHA,SZ
DRP2,SZ
DSC1,SZ
DSCAS,SZ
DSG4,SZ
DST,SZ
DTNB,SZ
DTNBP1,SZ
DUSP2,SZ
DUSP6,SZ
DYM,SZ
EBI3,SZ
EBP,SZ
EBPL,SZ
ECT,SZ
EDA,SZ
EDEM2,SZ
EDNRA,SZ
EEPD1,SZ
EFCAB11,SZ
EFHD2,SZ
EFNA5,SZ
EFNB2,SZ
EFR3B,SZ
EGF,SZ
EGFR,SZ
EGR1,SZ
EGR2,SZ
EGR3,SZ
EGR4,SZ
EHD1,SZ
EHMT1,SZ
EHMT2,SZ
EIF2AK1,SZ
EIF2AK4,SZ
EIF2D,SZ
EIF2S1,SZ
EIF2S2,SZ
EIF2S3,SZ
EIF3F,SZ
EIF4A2,SZ
EIF4ENIF1,SZ
EIF4G1,SZ
EIF5,SZ
ELANE,SZ
ELAVL2,SZ
ELAVL4,SZ
ELK3,SZ
ELOVL5,SZ
ELOVL6,SZ
ELP4,SZ
EML5,SZ
EMX1,SZ
EMX2,SZ
EN1,SZ
EN2,SZ
ENDOU,SZ
ENDOV,SZ
ENO2,SZ
ENPP7P7,SZ
ENTPD4,SZ
EP300,SZ
EP300-AS1,SZ
EPB41L1,SZ
EPB41L3,SZ
EPC2,SZ
EPHA5,SZ
EPHB1,SZ
EPHB2,SZ
EPHB4,SZ
EPHX2,SZ
EPM2A,SZ
EPN2,SZ
EPO,SZ
ERBB2,SZ
ERBB3,SZ
ERBB4,SZ
ERCC5,SZ
ERCC8,SZ
ERDA1,SZ
ERG,SZ
ERLIN1,SZ
ERMN,SZ
ERVK-18,SZ
ERVK-20,SZ
ERVK-32,SZ
ERVK-8,SZ
ERVW-1,SZ
ERVW-4,SZ
ESAM,SZ
ESD,SZ
ESR1,SZ
ESR2,SZ
ESRRA,SZ
ESS2,SZ
ESYT2,SZ
ETF1,SZ
ETFA,SZ
ETNPPL,SZ
EXOC4,SZ
EXOSC6,SZ
EXT1,SZ
EYS,SZ
EZH1,SZ
EZH2,SZ
F10,SZ
F11R,SZ
F2,SZ
F2R,SZ
F2RL3,SZ
F5,SZ
FAAH,SZ
FABP3,SZ
FABP4,SZ
FABP5,SZ
FABP7,SZ
FADS1,SZ
FADS2,SZ
FAHD1,SZ
FAM177A1,SZ
FAM178B,SZ
FAM184A,SZ
FAM20C,SZ
FAM3D,SZ
FAM53C,SZ
FAM86B3P,SZ
FAN1,SZ
FANCL,SZ
FARP1,SZ
FARSA,SZ
FAS,SZ
FAS-AS1,SZ
FASTKD3,SZ
FASTKD5,SZ
FAT1,SZ
FAT3,SZ
FBH1,SZ
FBN1,SZ
FBP1,SZ
FBXL21P,SZ
FBXO28,SZ
FBXO45,SZ
FCGR2A,SZ
FCN2,SZ
FER1L6,SZ
FER1L6-AS2,SZ
FES,SZ
FEZ1,SZ
FEZF1,SZ
FGA,SZ
FGF10,SZ
FGF14,SZ
FGF2,SZ
FGF21,SZ
FGF9,SZ
FGFR1,SZ
FGFR2,SZ
FGFR3,SZ
FH,SZ
FHIT,SZ
FHL5,SZ
FKBP4,SZ
FKBP5,SZ
FLI1,SZ
FLNB,SZ
FLOT1,SZ
FLT1,SZ
FMR1,SZ
FMR1-IT1,SZ
FN1,SZ
FOLH1,SZ
FOS,SZ
FOSB,SZ
FOXG1,SZ
FOXN3,SZ
FOXO3,SZ
FOXO6,SZ
FOXP1,SZ
FOXP2,SZ
FRA6F,SZ
FRA7G,SZ
FRAXA,SZ
FRMPD1,SZ
FRMPD4,SZ
FSIP1,SZ
FSTL1,SZ
FTCDNL1,SZ
FTO,SZ
FUBP1,SZ
FUCA2,SZ
FURIN,SZ
FUT11,SZ
FUT8,SZ
FXN,SZ
FXR1,SZ
FXYD1,SZ
FXYD6,SZ
FXYD6-FXYD2,SZ
FYN,SZ
FZD1,SZ
FZD3,SZ
FZD4,SZ
FZD5,SZ
FZD7,SZ
G6PD,SZ
GABARAP,SZ
GABBR1,SZ
GABBR2,SZ
GABPA,SZ
GABRA1,SZ
GABRA4,SZ
GABRA5,SZ
GABRA6,SZ
GABRB1,SZ
GABRB2,SZ
GABRB3,SZ
GABRD,SZ
GABRG1,SZ
GABRG2,SZ
GABRQ,SZ
GABRR1,SZ
GABRR3,SZ
GAD1,SZ
GAD2,SZ
GALC,SZ
GALK1,SZ
GALNT10,SZ
GALNT2,SZ
GALNTL6,SZ
GAP43,SZ
GAPDH,SZ
GART,SZ
GAS2L1,SZ
GAS5,SZ
GAS7,SZ
GATAD2A,SZ
GBA,SZ
GBP1,SZ
GC,SZ
GCH1,SZ
GCHFR,SZ
GCLC,SZ
GCLM,SZ
GCSH,SZ
GDF15,SZ
GDNF,SZ
GEMIN4,SZ
GFAP,SZ
GFRA1,SZ
GFRA2,SZ
GFRA3,SZ
GGCT,SZ
GGNBP1,SZ
GGTA1P,SZ
GH1,SZ
GHR,SZ
GHRH,SZ
GHRL,SZ
GID4,SZ
GIGYF1,SZ
GIGYF2,SZ
GINGF2,SZ
GIPC2,SZ
GIPR,SZ
GIT1,SZ
GJA5,SZ
GJA8,SZ
GJD2,SZ
GLDC,SZ
GLIS3,SZ
GLO1,SZ
GLP1R,SZ
GLRA2,SZ
GLS,SZ
GLS2,SZ
GLT8D1,SZ
GLUD1,SZ
GLUD2,SZ
GLUL,SZ
GLYCTK,SZ
GMFB,SZ
GNA13,SZ
GNAL,SZ
GNAO1,SZ
GNAQ,SZ
GNAS,SZ
GNB1,SZ
GNB1L,SZ
GNB3,SZ
GNG7,SZ
GNL3,SZ
GNMT,SZ
GNPAT,SZ
GOLGA6A,SZ
GOLGA8A,SZ
GOLPH3L,SZ
GOSR1,SZ
GOT2,SZ
GP1BB,SZ
GPC1,SZ
GPC6,SZ
GPHN,SZ
GPM6A,SZ
GPR151,SZ
GPR153,SZ
GPR166P,SZ
GPR17,SZ
GPR42,SZ
GPR50,SZ
GPR52,SZ
GPR78,SZ
GPR85,SZ
GPR88,SZ
GPRC5C,SZ
GPRC5D,SZ
GPRC6A,SZ
GPRIN2,SZ
GPS1,SZ
GPT,SZ
GPX1,SZ
GRAMD1B,SZ
GRAP2,SZ
GRB10,SZ
GRB2,SZ
GRHL3,SZ
GRIA1,SZ
GRIA2,SZ
GRIA3,SZ
GRIA4,SZ
GRID1,SZ
GRIK1,SZ
GRIK1-AS2,SZ
GRIK2,SZ
GRIK3,SZ
GRIK4,SZ
GRIK5,SZ
GRIN1,SZ
GRIN2A,SZ
GRIN2B,SZ
GRIN2C,SZ
GRIN2D,SZ
GRIN3A,SZ
GRIN3B,SZ
GRIP1,SZ
GRK3,SZ
GRK6,SZ
GRM1,SZ
GRM2,SZ
GRM3,SZ
GRM3-AS1,SZ
GRM4,SZ
GRM5,SZ
GRM5-AS1,SZ
GRM7,SZ
GRM8,SZ
GRN,SZ
GRP,SZ
GRTP1,SZ
GSDME,SZ
GSK3A,SZ
GSK3B,SZ
GSN,SZ
GSPT1,SZ
GSS,SZ
GSTA1,SZ
GSTK1,SZ
GSTM1,SZ
GSTM2,SZ
GSTO1,SZ
GSTP1,SZ
GSTT1,SZ
GSTT2,SZ
GSTT2B,SZ
GTDC1,SZ
GTF2IP7,SZ
GTF3A,SZ
GUK1,SZ
GULOP,SZ
GUSB,SZ
GUSBP2,SZ
GYPC,SZ
H1-12P,SZ
H1-4,SZ
H1-5,SZ
H2AC10P,SZ
H2AC14,SZ
H2AC15,SZ
H2AC6,SZ
H2AX,SZ
H2AZ1,SZ
H2AZ1-DT,SZ
H2BC10,SZ
H2BC11,SZ
H2BC14,SZ
H2BC15,SZ
H2BC21,SZ
H2BC5,SZ
H2BP5,SZ
H2BS1,SZ
H3-3A,SZ
H3-3B,SZ
H3C4,SZ
H3C6,SZ
H3C8,SZ
H3P16,SZ
H3P19,SZ
H3P24,SZ
H3P40,SZ
H3P8,SZ
H4-16,SZ
H4C1,SZ
H4C11,SZ
H4C12,SZ
H4C13,SZ
H4C14,SZ
H4C15,SZ
H4C2,SZ
H4C3,SZ
H4C4,SZ
H4C5,SZ
H4C6,SZ
H4C8,SZ
H4C9,SZ
HABP2,SZ
HAGH,SZ
HAL,SZ
HAPLN2,SZ
HAPLN3,SZ
HAPLN4,SZ
HARS1,SZ
HAT1,SZ
HCAR2,SZ
HCAR3,SZ
HCFC1,SZ
HCG20,SZ
HCG21,SZ
HCG26,SZ
HCG4B,SZ
HCG9,SZ
HCL2,SZ
HCN1,SZ
HCP5,SZ
HCRT,SZ
HCRTR1,SZ
HDAC1,SZ
HDAC11,SZ
HDAC2,SZ
HDAC2-AS2,SZ
HDAC3,SZ
HDAC4,SZ
HDAC5,SZ
HDAC9,SZ
HECW2,SZ
HEG1,SZ
HERC2,SZ
HFE,SZ
HHAT,SZ
HHEX,SZ
HIF1A,SZ
HINT1,SZ
HIP1R,SZ
HIRA,SZ
HIVEP2,SZ
HK1,SZ
HK2,SZ
HLA-A,SZ
HLA-B,SZ
HLA-C,SZ
HLA-DMA,SZ
HLA-DMB,SZ
HLA-DOB,SZ
HLA-DPB1,SZ
HLA-DQA1,SZ
HLA-DQA2,SZ
HLA-DQB1,SZ
HLA-DQB2,SZ
HLA-DRA,SZ
HLA-DRB1,SZ
HLA-DRB2,SZ
HLA-DRB3,SZ
HLA-DRB5,SZ
HLA-DRB6,SZ
HLA-DRB9,SZ
HLA-E,SZ
HLA-G,SZ
HLA-J,SZ
HMBS,SZ
HMGA1,SZ
HMOX1,SZ
HNF1B,SZ
HNMT,SZ
HNRNPA0,SZ
HNRNPA3,SZ
HNRNPA3P1,SZ
HNRNPC,SZ
HNRNPD,SZ
HNRNPDL,SZ
HNRNPK,SZ
HNRNPU,SZ
HOMER1,SZ
HOMER2,SZ
HOOK1,SZ
HP,SZ
HP1BP3,SZ
HPD,SZ
HPGDS,SZ
HPS1,SZ
HPS4,SZ
HRH1,SZ
HRH2,SZ
HRH3,SZ
HRH4,SZ
HS3ST5,SZ
HS6ST1,SZ
HSD11B2,SZ
HSD17B10,SZ
HSD17B12,SZ
HSP90AA1,SZ
HSP90AB4P,SZ
HSPA12A,SZ
HSPA1A,SZ
HSPA1B,SZ
HSPA1L,SZ
HSPA4,SZ
HSPA5,SZ
HSPA8,SZ
HSPA9,SZ
HSPD1,SZ
HSPE1-MOB4,SZ
HSPG2,SZ
HTC2,SZ
HTR1A,SZ
HTR1B,SZ
HTR1D,SZ
HTR1F,SZ
HTR2A,SZ
HTR2C,SZ
HTR3A,SZ
HTR3B,SZ
HTR3D,SZ
HTR3E,SZ
HTR3E-AS1,SZ
HTR4,SZ
HTR5A,SZ
HTR5A-AS1,SZ
HTR6,SZ
HTR7,SZ
HTT,SZ
HYKK,SZ
IARS1,SZ
ICAM1,SZ
ICAM3,SZ
IDE,SZ
IFITM3,SZ
IFNB1,SZ
IFNG,SZ
IFNG-AS1,SZ
IFNGR2,SZ
IFNL3,SZ
IFT74,SZ
IGF1,SZ
IGF2,SZ
IGF2BP2,SZ
IGFALS,SZ
IGFBP4,SZ
IGHG1,SZ
IGHG3,SZ
IGLV3-25,SZ
IGSF11,SZ
IGSF9B,SZ
IL10,SZ
IL10RA,SZ
IL12A,SZ
IL12B,SZ
IL15RA,SZ
IL17A,SZ
IL17C,SZ
IL17D,SZ
IL17F,SZ
IL18,SZ
IL18R1,SZ
IL18RAP,SZ
IL19,SZ
IL1A,SZ
IL1B,SZ
IL1R1,SZ
IL1R2,SZ
IL1RN,SZ
IL2,SZ
IL21,SZ
IL22,SZ
IL23A,SZ
IL27,SZ
IL2RA,SZ
IL2RB,SZ
IL2RG,SZ
IL3,SZ
IL33,SZ
IL3RA,SZ
IL4,SZ
IL6,SZ
IL6-AS1,SZ
IL6R,SZ
IL6ST,SZ
IL9,SZ
IL9R,SZ
IMMP2L,SZ
IMMT,SZ
IMPA2,SZ
INA,SZ
INHBA,SZ
INHCAP,SZ
INPP5A,SZ
INSIG2,SZ
INSR,SZ
INSRR,SZ
IP6K3,SZ
IPO5,SZ
IPO8,SZ
IPO9,SZ
IQCB1,SZ
IQCJ,SZ
IQGAP2,SZ
IRF3,SZ
ISG20,SZ
ISL1,SZ
ISM1,SZ
ISX,SZ
ISX-AS1,SZ
ITGA2B,SZ
ITGA8,SZ
ITGAM,SZ
ITGB1,SZ
ITGB3,SZ
ITGB4,SZ
ITGB5,SZ
ITIH1,SZ
ITIH3,SZ
ITIH4,SZ
ITSN2,SZ
JAG1,SZ
JAG2,SZ
JAKMIP3,SZ
JARID2,SZ
JMJD1C,SZ
JMJD7-PLA2G4B,SZ
JUN,SZ
KALRN,SZ
KAT2B,SZ
KAT5,SZ
KAT8,SZ
KATNAL2,SZ
KATNB1,SZ
KCNB1,SZ
KCNG2,SZ
KCNH1,SZ
KCNH2,SZ
KCNH6,SZ
KCNIP1,SZ
KCNIP1-OT1,SZ
KCNJ10,SZ
KCNJ3,SZ
KCNK5,SZ
KCNMB1,SZ
KCNMB2,SZ
KCNMB2-AS1,SZ
KCNN2,SZ
KCNN3,SZ
KCNQ1,SZ
KCNQ2,SZ
KCNQ3,SZ
KCNQ5,SZ
KCNS3,SZ
KCTD12,SZ
KCTD13,SZ
KCTD21,SZ
KCTD7,SZ
KDM1A,SZ
KDM2B,SZ
KDM3B,SZ
KDM4C,SZ
KDM5B,SZ
KDM5C,SZ
KDR,SZ
KIAA0319,SZ
KIAA0513,SZ
KIDINS220,SZ
KIF13A,SZ
KIF17,SZ
KIF21A,SZ
KIF2A,SZ
KIF3B,SZ
KIF5A,SZ
KIR3DL2,SZ
KIT,SZ
KL,SZ
KLC1,SZ
KLF12,SZ
KLF4,SZ
KLF5,SZ
KLF6,SZ
KLHL23,SZ
KLK8,SZ
KMO,SZ
KMT2A,SZ
KMT2C,SZ
KMT2E,SZ
KNG1,SZ
KPNA1,SZ
KPNA3,SZ
KREMEN1,SZ
KRIT1,SZ
KRT20,SZ
KRT7,SZ
KRT81,SZ
KRT83,SZ
KRT86,SZ
KSR2,SZ
KTN1,SZ
KYAT1,SZ
KYAT3,SZ
L1CAM,SZ
LAMA1,SZ
LAMA2,SZ
LAMC2,SZ
LAMP3,SZ
LAMTOR2,SZ
LANCL2,SZ
LARS2,SZ
LASP1,SZ
LAT,SZ
LBP,SZ
LCK,SZ
LCN1,SZ
LCN2,SZ
LCT,SZ
LECT2,SZ
LEMD2,SZ
LEP,SZ
LEPR,SZ
LETM2,SZ
LGALS1,SZ
LGALS3,SZ
LGR6,SZ
LHX2,SZ
LHX6,SZ
LIF,SZ
LIFR,SZ
LIFR-AS1,SZ
LIG4,SZ
LILRB1,SZ
LILRP2,SZ
LIN28B,SZ
LINC00240,SZ
LINC00243,SZ
LINC00271,SZ
LINC00273,SZ
LINC00303,SZ
LINC00339,SZ
LINC00457,SZ
LINC00461,SZ
LINC00498,SZ
LINC00499,SZ
LINC00606,SZ
LINC00637,SZ
LINC00701,SZ
LINC00898,SZ
LINC00922,SZ
LINC01004,SZ
LINC01149,SZ
LINC01194,SZ
LINC01239,SZ
LINC01317,SZ
LINC01360,SZ
LINC01470,SZ
LINC01539,SZ
LINC01583,SZ
LINC01592,SZ
LINC01635,SZ
LINC01672,SZ
LINC01830,SZ
LINC01876,SZ
LINC01877,SZ
LINC01884,SZ
LINC01905,SZ
LINC01917,SZ
LINC01930,SZ
LINC02033,SZ
LINC02055,SZ
LINC02057,SZ
LINC02109,SZ
LINC02188,SZ
LINC02210-CRHR1,SZ
LINC02232,SZ
LINC02246,SZ
LINC02264,SZ
LINC02267,SZ
LINC02326,SZ
LINC02346,SZ
LINC02360,SZ
LINC02466,SZ
LINC02511,SZ
LINC02551,SZ
LINC02571,SZ
LINC02694,SZ
LINC02730,SZ
LINC02797,SZ
LINC02822,SZ
LINC02829,SZ
LINGO1,SZ
LINGO2,SZ
LIPC,SZ
LIPC-AS1,SZ
LMAN2L,SZ
LMLN,SZ
LMNB2,SZ
LMO7,SZ
LMOD2,SZ
LMX1A,SZ
LMX1A-AS1,SZ
LMX1B,SZ
LNPEP,SZ
LOC100127955,SZ
LOC100128966,SZ
LOC100130701,SZ
LOC100287329,SZ
LOC100507291,SZ
LOC100507557,SZ
LOC101926934,SZ
LOC101927026,SZ
LOC101927078,SZ
LOC101927164,SZ
LOC101927502,SZ
LOC101927687,SZ
LOC101927870,SZ
LOC101927995,SZ
LOC101928055,SZ
LOC101928354,SZ
LOC101928663,SZ
LOC101928743,SZ
LOC101928847,SZ
LOC101928882,SZ
LOC101928937,SZ
LOC101928961,SZ
LOC101929006,SZ
LOC101929098,SZ
LOC101929200,SZ
LOC101929309,SZ
LOC101929384,SZ
LOC101929592,SZ
LOC102723342,SZ
LOC102723407,SZ
LOC102723914,SZ
LOC102724322,SZ
LOC102724334,SZ
LOC102724358,SZ
LOC102724467,SZ
LOC102724710,SZ
LOC102724793,SZ
LOC102724971,SZ
LOC102725148,SZ
LOC105369333,SZ
LOC105369501,SZ
LOC105369532,SZ
LOC105369944,SZ
LOC105370182,SZ
LOC105370345,SZ
LOC105370582,SZ
LOC105370603,SZ
LOC105370753,SZ
LOC105370878,SZ
LOC105370940,SZ
LOC105371077,SZ
LOC105371399,SZ
LOC105371427,SZ
LOC105371692,SZ
LOC105371720,SZ
LOC105371789,SZ
LOC105371858,SZ
LOC105372105,SZ
LOC105372125,SZ
LOC105372130,SZ
LOC105372131,SZ
LOC105372725,SZ
LOC105372864,SZ
LOC105373023,SZ
LOC105373038,SZ
LOC105373074,SZ
LOC105373119,SZ
LOC105373146,SZ
LOC105373170,SZ
LOC105373780,SZ
LOC105373781,SZ
LOC105373821,SZ
LOC105374069,SZ
LOC105374193,SZ
LOC105374249,SZ
LOC105374456,SZ
LOC105374524,SZ
LOC105374534,SZ
LOC105374591,SZ
LOC105374660,SZ
LOC105374690,SZ
LOC105374699,SZ
LOC105374703,SZ
LOC105374947,SZ
LOC105375050,SZ
LOC105375107,SZ
LOC105375142,SZ
LOC105375382,SZ
LOC105375435,SZ
LOC105375450,SZ
LOC105375451,SZ
LOC105375494,SZ
LOC105375629,SZ
LOC105375630,SZ
LOC105375631,SZ
LOC105375695,SZ
LOC105375716,SZ
LOC105375829,SZ
LOC105375951,SZ
LOC105376025,SZ
LOC105376107,SZ
LOC105376249,SZ
LOC105377013,SZ
LOC105377529,SZ
LOC105377705,SZ
LOC105377786,SZ
LOC105377850,SZ
LOC105377864,SZ
LOC105378198,SZ
LOC105378221,SZ
LOC105378469,SZ
LOC105378502,SZ
LOC105378648,SZ
LOC105378714,SZ
LOC105378728,SZ
LOC105378800,SZ
LOC105379164,SZ
LOC105379366,SZ
LOC105379382,SZ
LOC105379641,SZ
LOC107983974,SZ
LOC107984113,SZ
LOC107984213,SZ
LOC107984265,SZ
LOC107984270,SZ
LOC107984284,SZ
LOC107984527,SZ
LOC107984576,SZ
LOC107984685,SZ
LOC107984782,SZ
LOC107984836,SZ
LOC107984940,SZ
LOC107984941,SZ
LOC107985255,SZ
LOC107985505,SZ
LOC107985511,SZ
LOC107985948,SZ
LOC107985969,SZ
LOC107986119,SZ
LOC107986178,SZ
LOC107986348,SZ
LOC107986582,SZ
LOC107986589,SZ
LOC107986626,SZ
LOC107986638,SZ
LOC107986667,SZ
LOC107986777,SZ
LOC107986814,SZ
LOC107986983,SZ
LOC107987027,SZ
LOC107987043,SZ
LOC107987209,SZ
LOC107987479,SZ
LOC108783645,SZ
LOC110806262,SZ
LOC112267902,SZ
LOC112267956,SZ
LOC112268294,SZ
LOC284930,SZ
LOC285819,SZ
LOC349160,SZ
LOC642484,SZ
LOC643542,SZ
LOC730100,SZ
LOC91370,SZ
LOH19CR1,SZ
LPAR1,SZ
LPAR2,SZ
LPAR3,SZ
LPCAT4,SZ
LPL,SZ
LPP,SZ
LRFN2,SZ
LRP1,SZ
LRP1B,SZ
LRP2,SZ
LRP2BP,SZ
LRP4,SZ
LRP8,SZ
LRRC4,SZ
LRRC57,SZ
LRRFIP1,SZ
LRRK2,SZ
LRRN2,SZ
LRRN3,SZ
LRRTM1,SZ
LRRTM4,SZ
LSAMP,SZ
LSM1,SZ
LTA,SZ
LTN1,SZ
LYPD4,SZ
LYRM4,SZ
LYST,SZ
LYVE1,SZ
MACF1,SZ
MAD1L1,SZ
MAG,SZ
MAGEC1,SZ
MAGEL2,SZ
MAGI1,SZ
MAGI2,SZ
MAIP1,SZ
MALAT1,SZ
MAML2,SZ
MAML3,SZ
MAN1C1,SZ
MAN2A1,SZ
MAOA,SZ
MAOB,SZ
MAP1A,SZ
MAP1B,SZ
MAP2,SZ
MAP2K1,SZ
MAP2K7,SZ
MAP3K8,SZ
MAP4,SZ
MAP6,SZ
MAP7,SZ
MAPK1,SZ
MAPK14,SZ
MAPK3,SZ
MAPK4,SZ
MAPK8,SZ
MAPK8IP3,SZ
MAPT,SZ
MARCHF1,SZ
MARCHF10,SZ
MARCHF6,SZ
MARCHF9,SZ
MARCKS,SZ
MARK1,SZ
MARK2,SZ
MAS1,SZ
MAU2,SZ
MBD2,SZ
MBD5,SZ
MBNL1,SZ
MBOAT4,SZ
MBP,SZ
MC2R,SZ
MC4R,SZ
MC5R,SZ
MCAT,SZ
MCC,SZ
MCCC2,SZ
MCF2L,SZ
MCHR1,SZ
MCHR2,SZ
MCM7,SZ
MCPH1,SZ
MCTP2,SZ
MDC1,SZ
MDD1,SZ
MDGA1,SZ
MDH1,SZ
MDK,SZ
MDM2,SZ
ME2,SZ
MECP2,SZ
MECR,SZ
MED12,SZ
MED15,SZ
MED26,SZ
MEF2A,SZ
MEF2C,SZ
MEF2C-AS1,SZ
MEF2C-AS2,SZ
MEG3,SZ
MEGF10,SZ
MEIKIN,SZ
MET,SZ
METAP2,SZ
METTL21A,SZ
MFAP1,SZ
MFGE8,SZ
MGAT1,SZ
MGS,SZ
MIA,SZ
MIAT,SZ
MICB,SZ
MICB-DT,SZ
MIF,SZ
MIF-AS1,SZ
MINDY2,SZ
MIR100HG,SZ
MIR107,SZ
MIR125B1,SZ
MIR126,SZ
MIR1271,SZ
MIR1288,SZ
MIR1307,SZ
MIR130B,SZ
MIR132,SZ
MIR137,SZ
MIR137HG,SZ
MIR144,SZ
MIR146A,SZ
MIR15B,SZ
MIR17,SZ
MIR183,SZ
MIR184,SZ
MIR185,SZ
MIR193A,SZ
MIR195,SZ
MIR198,SZ
MIR19B1,SZ
MIR200C,SZ
MIR204,SZ
MIR206,SZ
MIR212,SZ
MIR217HG,SZ
MIR219A1,SZ
MIR219A2,SZ
MIR22,SZ
MIR223,SZ
MIR25,SZ
MIR2682,SZ
MIR29B2,SZ
MIR29B2CHG,SZ
MIR29C,SZ
MIR301A,SZ
MIR30A,SZ
MIR30B,SZ
MIR30E,SZ
MIR3162,SZ
MIR320A,SZ
MIR326,SZ
MIR328,SZ
MIR338,SZ
MIR346,SZ
MIR34A,SZ
MIR382,SZ
MIR432,SZ
MIR4449,SZ
MIR4655,SZ
MIR4761,SZ
MIR4797,SZ
MIR485,SZ
MIR497,SZ
MIR664A,SZ
MIR6843,SZ
MIR6891,SZ
MIR708,SZ
MIR9-2,SZ
MIR936,SZ
MIR98,SZ
MIRLET7G,SZ
MIXL1,SZ
MLC1,SZ
MLLT11,SZ
MLLT3,SZ
MMEL1,SZ
MMP16,SZ
MMP3,SZ
MMP9,SZ
MMRN1,SZ
MNAT1,SZ
MOB4,SZ
MOBP,SZ
MOG,SZ
MOK,SZ
MOXD1,SZ
MPC2,SZ
MPHOSPH9,SZ
MPI,SZ
MPP2,SZ
MPP4,SZ
MPP6,SZ
MPZ,SZ
MPZL1,SZ
MRGPRX1,SZ
MRGPRX3,SZ
MRGPRX4,SZ
MROH2A,SZ
MROH6,SZ
MRPL33,SZ
MRTFA,SZ
MRTFB,SZ
MS,SZ
MS4A1,SZ
MSANTD1,SZ
MSH5,SZ
MSH5-SAPCD1,SZ
MSI2,SZ
MSMB,SZ
MSRA,SZ
MSRB1,SZ
MSS51,SZ
MST1,SZ
MSTO1,SZ
MT1B,SZ
MTCO2P12,SZ
MTCO3P1,SZ
MTERF4,SZ
MTHFD1,SZ
MTHFD1L,SZ
MTHFR,SZ
MTNR1A,SZ
MTNR1B,SZ
MTOR,SZ
MTR,SZ
MTRR,SZ
MTTP,SZ
MUC1,SZ
MUC21,SZ
MUC22,SZ
MUCL3,SZ
MXRA5,SZ
MYD88,SZ
MYDGF,SZ
MYH11,SZ
MYH9,SZ
MYL12B,SZ
MYO16,SZ
MYO18B,SZ
MYO1D,SZ
MYO1H,SZ
MYO5B,SZ
MYO7A,SZ
MYO9B,SZ
MYT1L,SZ
MZB1,SZ
NAALAD2,SZ
NAB2,SZ
NALCN,SZ
NANOG,SZ
NANOS1,SZ
NANS,SZ
NAT2,SZ
NAT8L,SZ
NAV1,SZ
NAV2,SZ
NBPF3,SZ
NCAM1,SZ
NCAN,SZ
NCAPG2,SZ
NCOA6,SZ
NCS1,SZ
NCSTN,SZ
ND1,SZ
ND4,SZ
ND5,SZ
NDE1,SZ
NDEL1,SZ
NDOR1,SZ
NDP,SZ
NDRG4,SZ
NDST3,SZ
NDUFA6-DT,SZ
NDUFAF2,SZ
NDUFB5,SZ
NDUFS1,SZ
NDUFS3,SZ
NDUFS6,SZ
NDUFS7,SZ
NDUFV1,SZ
NDUFV2,SZ
NDUFV2P1,SZ
NEAT1,SZ
NEDD4,SZ
NEFH,SZ
NEFL,SZ
NEFM,SZ
NEGR1,SZ
NEK1,SZ
NEK4,SZ
NES,SZ
NETO1,SZ
NEU1,SZ
NEURL1,SZ
NEUROD1,SZ
NEUROD2,SZ
NEUROG1,SZ
NEUROG2,SZ
NF2,SZ
NFASC,SZ
NFATC2,SZ
NFATC3,SZ
NFE2L2,SZ
NFIB,SZ
NFKB1,SZ
NFYC,SZ
NGEF,SZ
NGF,SZ
NGF-AS1,SZ
NGFR,SZ
NHS,SZ
NIPA1,SZ
NISCH,SZ
NKAPL,SZ
NKX2-1,SZ
NLGN1,SZ
NLGN2,SZ
NLGN3,SZ
NLGN4X,SZ
NMBR,SZ
NNMT,SZ
NOL4,SZ
NONO,SZ
NOS1,SZ
NOS1AP,SZ
NOS2,SZ
NOS3,SZ
NOSIP,SZ
NOTCH2,SZ
NOTCH2NLA,SZ
NOTCH2NLB,SZ
NOTCH2NLC,SZ
NOTCH3,SZ
NOTCH4,SZ
NOVA1,SZ
NPAS1,SZ
NPAS2,SZ
NPAS3,SZ
NPAS4,SZ
NPC1,SZ
NPL,SZ
NPPA,SZ
NPRL2,SZ
NPS,SZ
NPSR1,SZ
NPSR1-AS1,SZ
NPTN,SZ
NPTX1,SZ
NPTX2,SZ
NPY,SZ
NPY1R,SZ
NPY2R,SZ
NQO1,SZ
NQO2,SZ
NR0B2,SZ
NR1H4,SZ
NR1I2,SZ
NR2E1,SZ
NR3C1,SZ
NR3C2,SZ
NR4A1,SZ
NR4A2,SZ
NR4A3,SZ
NRAD1,SZ
NRAS,SZ
NRCAM,SZ
NRG1,SZ
NRG1-IT1,SZ
NRG2,SZ
NRG3,SZ
NRG4,SZ
NRGN,SZ
NRIP1,SZ
NRN1,SZ
NRSN1,SZ
NRXN1,SZ
NRXN2,SZ
NRXN3,SZ
NSD3,SZ
NSFL1C,SZ
NSG1,SZ
NSMCE2,SZ
NSUN6,SZ
NT5C2,SZ
NT5DC2,SZ
NTF3,SZ
NTF4,SZ
NTM,SZ
NTNG1,SZ
NTNG2,SZ
NTRK1,SZ
NTRK2,SZ
NTRK3,SZ
NTS,SZ
NTSR1,SZ
NUCB2,SZ
NUCKS1,SZ
NUFIP2,SZ
NUMBL,SZ
NUP37,SZ
NUP98,SZ
NVL,SZ
NXF1,SZ
OCLN,SZ
OFCC1,SZ
OGG1,SZ
OIP5-AS1,SZ
OLIG2,SZ
OPA1,SZ
OPCML,SZ
OPN1MW,SZ
OPN1MW2,SZ
OPN1MW3,SZ
OPN1SW,SZ
OPN5,SZ
OPRD1,SZ
OPRK1,SZ
OPRL1,SZ
OPRM1,SZ
OR10A4,SZ
OR12D3,SZ
OR2AG1,SZ
OR4C46,SZ
OR5V1,SZ
OR8B3,SZ
OSBPL10,SZ
OSBPL1A,SZ
OSCP1,SZ
OTOP2,SZ
OTUD7A,SZ
OTX2,SZ
OXER1,SZ
OXSR1,SZ
OXT,SZ
OXTR,SZ
P2RX1,SZ
P2RX2,SZ
P2RX3,SZ
P2RX4,SZ
P2RX5,SZ
P2RX5-TAX1BP3,SZ
P2RX6,SZ
P2RX7,SZ
P2RY1,SZ
P2RY2,SZ
P4HB,SZ
PACERR,SZ
PADI1,SZ
PADI2,SZ
PADI4,SZ
PAEP,SZ
PAFAH1B1,SZ
PAG1,SZ
PAH,SZ
PAK1,SZ
PAK2,SZ
PAK3,SZ
PAK6,SZ
PALB2,SZ
PANK2,SZ
PANX1,SZ
PANX2,SZ
PANX3,SZ
PARL,SZ
PARP1,SZ
PARP9,SZ
PART1,SZ
PAWR,SZ
PAX6,SZ
PBRM1,SZ
PBX2,SZ
PCCB,SZ
PCDH12,SZ
PCDH15,SZ
PCDH17,SZ
PCDH19,SZ
PCDH7,SZ
PCDH8,SZ
PCDHA1,SZ
PCED1B,SZ
PCK1,SZ
PCLAF,SZ
PCLO,SZ
PCM1,SZ
PCMT1,SZ
PCNT,SZ
PCNX1,SZ
PCYT1A,SZ
PDCD11,SZ
PDE10A,SZ
PDE2A,SZ
PDE4A,SZ
PDE4B,SZ
PDE4D,SZ
PDE7B,SZ
PDE9A,SZ
PDGFB,SZ
PDGFRB,SZ
PDIA2,SZ
PDIA6,SZ
PDIK1L,SZ
PDLIM5,SZ
PDLIM7,SZ
PDSS1,SZ
PDXDC1,SZ
PDYN,SZ
PDZD7,SZ
PDZK1,SZ
PEBP1,SZ
PEMT,SZ
PENK,SZ
PEPD,SZ
PER3,SZ
PEX19,SZ
PFKM,SZ
PGBD1,SZ
PGC,SZ
PGK1,SZ
PGP,SZ
PGPEP1,SZ
PGRMC1,SZ
PHACTR3,SZ
PHB,SZ
PHF5A,SZ
PHOBS,SZ
PHOX2B,SZ
PI4K2B,SZ
PI4KA,SZ
PICALM,SZ
PICK1,SZ
PIK3C2A,SZ
PIK3C3,SZ
PIK3CA,SZ
PIK3CB,SZ
PIK3CD,SZ
PIK3CG,SZ
PINK1,SZ
PIP4K2A,SZ
PIP4K2C,SZ
PITPNM1,SZ
PITPNM2,SZ
PITX2,SZ
PITX3,SZ
PIWIL1,SZ
PIWIL4,SZ
PKDCC,SZ
PKHD1,SZ
PKNOX2,SZ
PKP4,SZ
PLA1A,SZ
PLA2G10,SZ
PLA2G12A,SZ
PLA2G15,SZ
PLA2G1B,SZ
PLA2G2A,SZ
PLA2G4A,SZ
PLA2G4B,SZ
PLA2G4C,SZ
PLA2G4D,SZ
PLA2G5,SZ
PLA2G6,SZ
PLA2G7,SZ
PLAA,SZ
PLAT,SZ
PLB1,SZ
PLCB1,SZ
PLCB4,SZ
PLCG1,SZ
PLCH2,SZ
PLCL1,SZ
PLCL2,SZ
PLEC,SZ
PLEKHA6,SZ
PLEKHF1,SZ
PLF,SZ
PLG,SZ
PLLP,SZ
PLP1,SZ
PLPP1,SZ
PLSCR4,SZ
PLXNA2,SZ
PLXNB1,SZ
PLXNB3,SZ
PMCH,SZ
PML,SZ
PMM2,SZ
PMP2,SZ
PMP22,SZ
PNMA2,SZ
PNOC,SZ
PNPLA2,SZ
PNPO,SZ
POFUT1,SZ
POFUT2,SZ
POLD4,SZ
POLDIP2,SZ
POLR2A,SZ
POLR2F,SZ
POM121L2,SZ
POMC,SZ
PON1,SZ
POTEF,SZ
POTEKP,SZ
POTEM,SZ
POU3F1,SZ
POU3F2,SZ
POU5F1,SZ
POU5F1P3,SZ
POU5F1P4,SZ
PPARA,SZ
PPARG,SZ
PPARGC1A,SZ
PPARGC1B,SZ
PPIA,SZ
PPM1G,SZ
PPM1K,SZ
PPP1R13B,SZ
PPP1R16B,SZ
PPP1R1B,SZ
PPP1R9A,SZ
PPP1R9B,SZ
PPP2CA,SZ
PPP2R2B,SZ
PPP3CA,SZ
PPP3CB,SZ
PPP3CC,SZ
PPP3R1,SZ
PPT1,SZ
PRCP,SZ
PRDM14,SZ
PRDX2,SZ
PRDX6,SZ
PREP,SZ
PRKAA1,SZ
PRKAR1A,SZ
PRKAR2B,SZ
PRKCA,SZ
PRKCD,SZ
PRKCG,SZ
PRKD1,SZ
PRKG1,SZ
PRKN,SZ
PRL,SZ
PRNP,SZ
PRODH,SZ
PRODH2,SZ
PRORP,SZ
PROS1,SZ
PROX1-AS1,SZ
PRPF40B,SZ
PRR12,SZ
PRRC2A,SZ
PRRG2,SZ
PRS,SZ
PRSS16,SZ
PRSS3,SZ
PSAP,SZ
PSAT1,SZ
PSD,SZ
PSD3,SZ
PSEN2,SZ
PSMB6,SZ
PSMB9,SZ
PSMD10,SZ
PSMD9,SZ
PSMG1,SZ
PSORS1C1,SZ
PSORS1C2,SZ
PSPH,SZ
PSPN,SZ
PSS,SZ
PTEN,SZ
PTGDS,SZ
PTGER3,SZ
PTGER4,SZ
PTGES3,SZ
PTGIS,SZ
PTGS1,SZ
PTGS2,SZ
PTK2B,SZ
PTK7,SZ
PTPA,SZ
PTPN1,SZ
PTPN21,SZ
PTPN4,SZ
PTPN5,SZ
PTPN6,SZ
PTPRA,SZ
PTPRF,SZ
PTPRG,SZ
PTPRN2,SZ
PTPRZ1,SZ
PTPRZ2,SZ
PURA,SZ
PVALB,SZ
PVR,SZ
PWAR1,SZ
PYCARD,SZ
PYY,SZ
QKI,SZ
QPCT,SZ
R3HDM2,SZ
R3HDML,SZ
RAB11FIP5,SZ
RAB3GAP1,SZ
RAB40B,SZ
RABGEF1,SZ
RAC1,SZ
RAI1,SZ
RALGPS1,SZ
RANBP1,SZ
RANBP2,SZ
RANBP9,SZ
RANGAP1,SZ
RAP1A,SZ
RAPGEF2,SZ
RAPGEF4,SZ
RAPGEF5,SZ
RAPGEF6,SZ
RARA,SZ
RARB,SZ
RARG,SZ
RASD2,SZ
RASGRF1,SZ
RASL12,SZ
RASSF1,SZ
RASSF1-AS1,SZ
RB1CC1,SZ
RBFOX1,SZ
RBKS,SZ
RBM12,SZ
RBM23,SZ
RBM45,SZ
RBM6,SZ
RBP1,SZ
RBP4,SZ
RBPJ,SZ
RCBTB1,SZ
REG1A,SZ
RELA,SZ
RELA-DT,SZ
RELN,SZ
REM1,SZ
REN,SZ
RENBP,SZ
RERE,SZ
RERE-AS1,SZ
REST,SZ
RETN,SZ
RETREG2,SZ
RFESD,SZ
RFLNA,SZ
RFT1,SZ
RFX1,SZ
RGS10,SZ
RGS12,SZ
RGS2,SZ
RGS4,SZ
RGS5,SZ
RGS6,SZ
RGS9,SZ
RHD,SZ
RIDA,SZ
RIMS2,SZ
RIMS3,SZ
RIPK2,SZ
RIT2,SZ
RLBP1,SZ
RN7SL100P,SZ
RNANC,SZ
RNF19A,SZ
RNF40,SZ
RNH1,SZ
RNR2,SZ
ROPN1L,SZ
RORA,SZ
RORC,SZ
RPA1,SZ
RPL13,SZ
RPL3,SZ
RPL37,SZ
RPN2,SZ
RPP14,SZ
RPS10,SZ
RPS19,SZ
RPS6KA3,SZ
RPSA,SZ
RREB1,SZ
RRN3,SZ
RSRC1,SZ
RSS,SZ
RTKN2,SZ
RTN1,SZ
RTN3,SZ
RTN4,SZ
RTN4R,SZ
RUNDC3B,SZ
RUNX1,SZ
RXRB,SZ
S100A10,SZ
S100A11,SZ
S100A9,SZ
S100B,SZ
S1PR1,SZ
SAFB,SZ
SAMD4A,SZ
SAP30BP,SZ
SARNP,SZ
SAT1,SZ
SATB2,SZ
SBNO1,SZ
SBNO2,SZ
SCAF1,SZ
SCD,SZ
SCGB1A1,SZ
SCLY,SZ
SCN2A,SZ
SCN4A,SZ
SCN8A,SZ
SCPEP1,SZ
SCZD1,SZ
SCZD10,SZ
SCZD13,SZ
SCZD2,SZ
SDCCAG8,SZ
SDF2L1,SZ
SDF4,SZ
SDHA,SZ
SEC14L2,SZ
SEC24C,SZ
SECTM1,SZ
SEH1L,SZ
SELENBP1,SZ
SELENOH,SZ
SELENOP,SZ
SELL,SZ
SEMA3A,SZ
SEMA3D,SZ
SEMA4B,SZ
SEMA6A,SZ
SEMA6D,SZ
SEPHS1,SZ
SEPTIN11,SZ
SEPTIN2,SZ
SEPTIN4,SZ
SEPTIN5,SZ
SEPTIN6,SZ
SEPTIN7,SZ
SERPINA1,SZ
SERPINA3,SZ
SERPINA4,SZ
SERPINA5,SZ
SERPINC1,SZ
SERPINE1,SZ
SERPINF1,SZ
SERPINF2,SZ
SERPING1,SZ
SERPINI1,SZ
SET,SZ
SETD1A,SZ
SETD2,SZ
SETDB1,SZ
SF3B1,SZ
SF3B6,SZ
SFI1,SZ
SFMBT1,SZ
SFSWAP,SZ
SFTA2,SZ
SFXN5,SZ
SGCD,SZ
SGCG,SZ
SGIP1,SZ
SGK1,SZ
SGSM3,SZ
SH2B1,SZ
SH3GL2,SZ
SH3PXD2A,SZ
SHANK1,SZ
SHANK2,SZ
SHANK3,SZ
SHBG,SZ
SHISA9,SZ
SHMT1,SZ
SHMT2,SZ
SHOX2,SZ
SIGMAR1,SZ
SIPA1L2,SZ
SIRPA,SZ
SIRPB1,SZ
SIRT1,SZ
SIRT5,SZ
SIVA1,SZ
SKAP2,SZ
SKIL,SZ
SKP1,SZ
SLC12A2,SZ
SLC12A5,SZ
SLC12A5-AS1,SZ
SLC12A6,SZ
SLC14A2,SZ
SLC16A1,SZ
SLC17A1,SZ
SLC17A3,SZ
SLC17A4,SZ
SLC17A6,SZ
SLC17A7,SZ
SLC18A1,SZ
SLC18A2,SZ
SLC1A1,SZ
SLC1A2,SZ
SLC1A3,SZ
SLC1A4,SZ
SLC1A5,SZ
SLC1A6,SZ
SLC22A16,SZ
SLC23A3,SZ
SLC25A1,SZ
SLC25A12,SZ
SLC25A14,SZ
SLC25A20,SZ
SLC25A27,SZ
SLC25A4,SZ
SLC26A1,SZ
SLC26A7,SZ
SLC26A8,SZ
SLC27A5,SZ
SLC2A3,SZ
SLC2A9,SZ
SLC30A3,SZ
SLC30A8,SZ
SLC32A1,SZ
SLC35G1,SZ
SLC38A1,SZ
SLC38A2,SZ
SLC38A3,SZ
SLC38A8,SZ
SLC39A14,SZ
SLC39A8,SZ
SLC45A1,SZ
SLC4A10,SZ
SLC52A2,SZ
SLC6A1,SZ
SLC6A11,SZ
SLC6A12,SZ
SLC6A13,SZ
SLC6A2,SZ
SLC6A3,SZ
SLC6A4,SZ
SLC6A5,SZ
SLC6A9,SZ
SLC7A10,SZ
SLC7A5,SZ
SLC7A6,SZ
SLC7A6OS,SZ
SLC8A1-AS1,SZ
SLC9A3R1,SZ
SLC9B1,SZ
SLCO6A1,SZ
SLIT3,SZ
SLITRK1,SZ
SMAD3,SZ
SMAD4,SZ
SMAD5,SZ
SMARCA1,SZ
SMARCA2,SZ
SMG1,SZ
SMG6,SZ
SMIM15-AS1,SZ
SMN1,SZ
SMN2,SZ
SMPD3,SZ
SMS,SZ
SMUG1,SZ
SNAP25,SZ
SNAP25-AS1,SZ
SNAP29,SZ
SNAP91,SZ
SNCA,SZ
SNCB,SZ
SNED1,SZ
SNIP1,SZ
SNORA38,SZ
SNORC,SZ
SNORD103C,SZ
SNORD118,SZ
SNRNP70,SZ
SNRPN,SZ
SNTG1,SZ
SNURF,SZ
SNX19,SZ
SNX29,SZ
SNX31,SZ
SOCS2,SZ
SOD1,SZ
SOD2,SZ
SORBS1,SZ
SORBS3,SZ
SORCS3,SZ
SORL1,SZ
SORT1,SZ
SOS1,SZ
SOX10,SZ
SOX2-OT,SZ
SOX5,SZ
SOX6,SZ
SP1,SZ
SP2-AS1,SZ
SP4,SZ
SPARC,SZ
SPATA5,SZ
SPATA6L,SZ
SPATS2L,SZ
SPDEF,SZ
SPECC1,SZ
SPG11,SZ
SPG7,SZ
SPHKAP,SZ
SPN,SZ
SPR,SZ
SPRED2,SZ
SPRY4,SZ
SPRY4-IT1,SZ
SPTAN1,SZ
SPTBN2,SZ
SPTLC1,SZ
SRA1,SZ
SRCIN1,SZ
SRD5A2,SZ
SREBF1,SZ
SREBF2,SZ
SRF,SZ
SRGAP3,SZ
SRM,SZ
SRPK2,SZ
SRPRA,SZ
SRR,SZ
SRRT,SZ
SRSF1,SZ
SRSF10,SZ
SRSF6,SZ
SRSF7,SZ
SRY,SZ
SST,SZ
SSTR4,SZ
SSTR5,SZ
SSUH2,SZ
ST3GAL1,SZ
ST3GAL3,SZ
ST6GALNAC1,SZ
ST8SIA2,SZ
ST8SIA3,SZ
ST8SIA4,SZ
STAB1,SZ
STAG1,SZ
STAR,SZ
STARD4-AS1,SZ
STAT1,SZ
STATH,SZ
STAU1,SZ
STEAP1B,SZ
STH,SZ
STIN2-VNTR,SZ
STK19,SZ
STK24,SZ
STMN1,SZ
STMN2,SZ
STON2,SZ
STRN,SZ
STS,SZ
STT3A,SZ
STT3A-AS1,SZ
STUB1,SZ
STX1A,SZ
STX2,SZ
STX7,SZ
STXBP1,SZ
STXBP3,SZ
STXBP5L,SZ
SUB1,SZ
SUCO,SZ
SUFU,SZ
SUGP1,SZ
SULT1E1,SZ
SULT2A1,SZ
SULT4A1,SZ
SUMF1,SZ
SUMO1,SZ
SV2A,SZ
SYN1,SZ
SYN2,SZ
SYN3,SZ
SYNDIG1,SZ
SYNE1,SZ
SYNGAP1,SZ
SYNGR1,SZ
SYNM,SZ
SYNPO,SZ
SYP,SZ
SYT11,SZ
TAAR1,SZ
TAAR6,SZ
TAC1,SZ
TACR1,SZ
TACR3,SZ
TAF15,SZ
TAGLN3,SZ
TAL1,SZ
TAOK2,SZ
TAP1,SZ
TAP2,SZ
TAPBP,SZ
TARDBP,SZ
TAS2R38,SZ
TBC1D1,SZ
TBC1D19,SZ
TBC1D22A,SZ
TBC1D2B,SZ
TBC1D5,SZ
TBC1D9,SZ
TBCB,SZ
TBCD,SZ
TBP,SZ
TBPL1,SZ
TBR1,SZ
TBX1,SZ
TBX4,SZ
TBXAS1,SZ
TCEAL1,SZ
TCF20,SZ
TCF4,SZ
TCF4-AS1,SZ
TCF7L2,SZ
TCP1,SZ
TCTA,SZ
TDO2,SZ
TEAD1,SZ
TEKT5,SZ
TENM2,SZ
TENM3,SZ
TENM4,SZ
TEP1,SZ
TERC,SZ
TERF2IP,SZ
TERT,SZ
TET1,SZ
TET2,SZ
TET2-AS1,SZ
TEX36,SZ
TF,SZ
TFAP2A,SZ
TFPI,SZ
TGFB1,SZ
TGFB2,SZ
TGFBI,SZ
TGFBR2,SZ
TGFBRAP1,SZ
TGM2,SZ
TGM5,SZ
TH,SZ
THAS,SZ
THBD,SZ
THBS1,SZ
THOC1,SZ
THOC7,SZ
THOP1,SZ
THRA,SZ
THRA1/BTR,SZ
THRB,SZ
THSD7A,SZ
TIGAR,SZ
TIMP1,SZ
TIMP2,SZ
TIMP3,SZ
TIMP4,SZ
TKT,SZ
TLR1,SZ
TLR2,SZ
TLR3,SZ
TLR4,SZ
TLR5,SZ
TLR7,SZ
TLR9,SZ
TLX1NB,SZ
TMC2,SZ
TMED10,SZ
TMED10P1,SZ
TMED2,SZ
TMED5,SZ
TMEM108,SZ
TMEM11,SZ
TMEM132D,SZ
TMEM176A,SZ
TMEM219,SZ
TMEM245,SZ
TMEM97,SZ
TMPRSS13,SZ
TMPRSS5,SZ
TMSB10,SZ
TMTC1,SZ
TMX2,SZ
TMX2-CTNND1,SZ
TNF,SZ
TNFRSF11B,SZ
TNFRSF17,SZ
TNFRSF1A,SZ
TNFRSF1B,SZ
TNFSF13,SZ
TNIK,SZ
TNIP1,SZ
TNXB,SZ
TOP1,SZ
TOP3B,SZ
TOX,SZ
TP53,SZ
TPH1,SZ
TPH2,SZ
TPI1,SZ
TPO,SZ
TPP2,SZ
TPPP,SZ
TPPP3,SZ
TPSG1,SZ
TPT1,SZ
TPTEP2-CSNK1E,SZ
TRAF3IP2-AS1,SZ
TRAK1,SZ
TRANK1,SZ
TRAPPC3,SZ
TRBV2,SZ
TRBV7-2,SZ
TRC-GCA24-1,SZ
TREM1,SZ
TREM2,SZ
TRGVB,SZ
TRIM10,SZ
TRIM26,SZ
TRIM27,SZ
TRIM3,SZ
TRIM31,SZ
TRIM31-AS1,SZ
TRIM32,SZ
TRIM5,SZ
TRIO,SZ
TRIP13,SZ
TRIP4,SZ
TRMT2A,SZ
TRNE,SZ
TRNS2,SZ
TRPM1,SZ
TRPM3,SZ
TRPM6,SZ
TRPV1,SZ
TRRAP,SZ
TSBP1,SZ
TSBP1-AS1,SZ
TSC2,SZ
TSHZ1,SZ
TSNARE1,SZ
TSNAX,SZ
TSNAX-DISC1,SZ
TSPAN18,SZ
TSPAN31,SZ
TSPAN32,SZ
TSPAN8,SZ
TSPO,SZ
TSTD1,SZ
TTC12,SZ
TTC33,SZ
TTC9C,SZ
TTLL11,SZ
TTLL11-IT1,SZ
TTLL6,SZ
TTN,SZ
TTN-AS1,SZ
TTR,SZ
TUBA1B,SZ
TUBB,SZ
TUBB2B,SZ
TUSC3,SZ
TWF2,SZ
TXN,SZ
TXNDC5,SZ
TXNIP,SZ
TXNL4B,SZ
TXNRD1,SZ
TXNRD2,SZ
TXNRD3,SZ
TYMS,SZ
TYR,SZ
TYROBP,SZ
TYRP1,SZ
UBASH3B,SZ
UBE2D1,SZ
UBE2K,SZ
UBE2N,SZ
UBE2Q2P1,SZ
UBE2Z,SZ
UBE3A,SZ
UBXN2B,SZ
UCHL1,SZ
UCP1,SZ
UCP2,SZ
UFD1,SZ
UGT1A3,SZ
UGT1A8,SZ
UHMK1,SZ
ULK1,SZ
ULK2,SZ
ULK4,SZ
UNC13B,SZ
UNC5C,SZ
UPF3B,SZ
UPK3B,SZ
UPP2,SZ
UQCRC1,SZ
USE1,SZ
USH1C,SZ
USH1G,SZ
USH2A,SZ
USO1,SZ
USP46,SZ
USP9X,SZ
UTS2,SZ
UTS2R,SZ
UXS1,SZ
VAMP1,SZ
VAMP2,SZ
VAMP7,SZ
VAPB,SZ
VARS2,SZ
VAV3,SZ
VCAM1,SZ
VDR,SZ
VEGFA,SZ
VGF,SZ
VGLL4,SZ
VIM,SZ
VIP,SZ
VIPR2,SZ
VLDLR,SZ
VN1R17P,SZ
VPS35,SZ
VPS39,SZ
VPS45,SZ
VPS51,SZ
VRK1,SZ
VRK2,SZ
VSIG2,SZ
VSIR,SZ
VSNL1,SZ
VSX1,SZ
VWC2L,SZ
VWF,SZ
WAS,SZ
WASF1,SZ
WASF2,SZ
WASH6P,SZ
WASHC1,SZ
WBP1L,SZ
WDHD1,SZ
WDR1,SZ
WDR11,SZ
WDR12,SZ
WDR3,SZ
WDR60,SZ
WHRN,SZ
WNK3,SZ
WNK4,SZ
WNT1,SZ
WNT2,SZ
WNT3,SZ
WNT7A,SZ
WRAP53,SZ
WWC1,SZ
XBP1,SZ
XKR6,SZ
XPC,SZ
XPR1,SZ
XRCC1,SZ
XRCC3,SZ
XRCC4,SZ
YTHDF3,SZ
YWHAB,SZ
YWHAE,SZ
YWHAG,SZ
YWHAH,SZ
YWHAZ,SZ
YWHAZP5,SZ
YY1,SZ
ZBED4,SZ
ZBED9,SZ
ZBP1,SZ
ZBTB20,SZ
ZBTB42,SZ
ZCCHC14,SZ
ZDHHC2,SZ
ZDHHC8,SZ
ZDHHC9,SZ
ZEB1,SZ
ZEB2,SZ
ZFAND2B,SZ
ZFAND6,SZ
ZFP57,SZ
ZFP91-CNTF,SZ
ZFPM2,SZ
ZIC2,SZ
ZKSCAN3,SZ
ZKSCAN4,SZ
ZMYM3,SZ
ZMYND11,SZ
ZNF184,SZ
ZNF318,SZ
ZNF365,SZ
ZNF385B,SZ
ZNF45,SZ
ZNF480,SZ
ZNF521,SZ
ZNF530,SZ
ZNF536,SZ
ZNF565,SZ
ZNF569,SZ
ZNF615,SZ
ZNF638,SZ
ZNF664,SZ
ZNF664-RFLNA,SZ
ZNF729,SZ
ZNF74,SZ
ZNF740,SZ
ZNF750,SZ
ZNF804A,SZ
ZNF823,SZ
ZNF93,SZ
ZNRD1,SZ
ZRANB2,SZ
ZSCAN12,SZ
ZSCAN16-AS1,SZ
ZSCAN23,SZ
ZSCAN31,SZ
ZSCAN9,SZ
ZSWIM6,SZ
ABO,OCD
ACACA,OCD
ACAN,OCD
ACTB,OCD
ADCK1,OCD
AKAP13,OCD
AQP6,OCD
ARFGEF1,OCD
ARFGEF2,OCD
ARID2,OCD
ARVCF,OCD
ATP6V1G2,OCD
ATP6V1G2-DDX39B,OCD
BDNF,OCD
BDNF-AS,OCD
BMS1,OCD
BTBD9,OCD
C9orf72,OCD
CACNA1C,OCD
CARMIL1,OCD
CAV3,OCD
CCKBR,OCD
CCL2,OCD
CCT6A,OCD
CDH2,OCD
CDH9,OCD
CHPT1,OCD
CLA3,OCD
CNR1,OCD
CNTNAP2,OCD
COMT,OCD
COX8A,OCD
CUX1,OCD
CXCL8,OCD
CYP19A1,OCD
CYP2C19,OCD
CYP2D6,OCD
DGKD,OCD
DHDDS,OCD
DISP1,OCD
DLG4,OCD
DLGAP1,OCD
DLGAP3,OCD
DNASE1L3,OCD
DNM3,OCD
DRD1,OCD
DRD2,OCD
DRD3,OCD
DRD4,OCD
EBPL,OCD
EFNA5,OCD
ELK3,OCD
EPHB2,OCD
ERCC2,OCD
ESR1,OCD
ESR2,OCD
FCGR3A,OCD
FCGR3B,OCD
FGFR3,OCD
FKBP5,OCD
FOS,OCD
FRAXE,OCD
GABBR1,OCD
GABRG2,OCD
GAD2,OCD
GAPDH,OCD
GATA3,OCD
GCH1,OCD
GDNF,OCD
GJB2,OCD
GOLGA8A,OCD
GPR135,OCD
GRIA3,OCD
GRIK2,OCD
GRIK3,OCD
GRIN2B,OCD
GRM5,OCD
GRN,OCD
GTS,OCD
HCN4,OCD
HLA-DRB1,OCD
HOXB8,OCD
HTR1A,OCD
HTR1B,OCD
HTR1D,OCD
HTR2A,OCD
HTR2B,OCD
HTR2C,OCD
HTR3A,OCD
HTR3B,OCD
HTR3C,OCD
HTR3D,OCD
HTR3E,OCD
HTR3E-AS1,OCD
HTT,OCD
IFNG,OCD
IGF1,OCD
IGKC,OCD
IL17A,OCD
IL1A,OCD
IL1B,OCD
IL6,OCD
KDM4C,OCD
KIF22,OCD
KRT7,OCD
LCT,OCD
LINC02395,OCD
LMX1A,OCD
LOC105370269,OCD
LOC105371720,OCD
LOC105374249,OCD
LOC105377864,OCD
LOC107985505,OCD
LOC110806262,OCD
LOC112267857,OCD
LRP2,OCD
LTBP3,OCD
MAOA,OCD
MAP6,OCD
MAPK1,OCD
MCF2L,OCD
MECP2,OCD
MEIS2,OCD
MIR4761,OCD
MIR485,OCD
MOG,OCD
MTHFR,OCD
NECTIN1,OCD
NFKBIL1,OCD
NOS1,OCD
NOS1AP,OCD
NPS,OCD
NPSR1,OCD
NPSR1-AS1,OCD
NPY,OCD
NTF3,OCD
NTRK2,OCD
NTRK3,OCD
OLIG1,OCD
OLIG2,OCD
OMD,OCD
OPN1SW,OCD
OPRM1,OCD
OR2AG1,OCD
OXTR,OCD
P2RX7,OCD
PBX1,OCD
PDE4D,OCD
PDLIM7,OCD
PGC,OCD
PHOBS,OCD
POU1F1,OCD
PPIG,OCD
PPP1R9B,OCD
PRDX5,OCD
PYCARD,OCD
RBM45,OCD
RYR3,OCD
SCLY,OCD
SCN3A,OCD
SETD1A,OCD
SGCE,OCD
SLC18A1,OCD
SLC1A1,OCD
SLC1A2,OCD
SLC1A3,OCD
SLC22A3,OCD
SLC6A3,OCD
SLC6A4,OCD
SLITRK1,OCD
SLITRK5,OCD
SPARC,OCD
SPATA6L,OCD
SPRED2,OCD
SRI,OCD
SRM,OCD
STIN2-VNTR,OCD
TAFA2,OCD
TAL1,OCD
THAS,OCD
TNF,OCD
TOR1A,OCD
TPH1,OCD
TPH2,OCD
TPSG1,OCD
TRPM7,OCD
TRRAP,OCD
TSPO,OCD
TXN,OCD
TXNRD2,OCD
TYMS,OCD
UCP2,OCD
A1CF,MDD
AANAT,MDD
ABCA13,MDD
ABCB1,MDD
ABCC1,MDD
ABI3BP,MDD
ABT1,MDD
ACACA,MDD
ACE,MDD
ACHE,MDD
ACKR3,MDD
ACP1,MDD
ACR,MDD
ACSM1,MDD
ACSM3,MDD
ACTG1P22,MDD
ADAMTS10,MDD
ADAMTS16,MDD
ADAMTS6,MDD
ADAR,MDD
ADARB1,MDD
ADCY3,MDD
ADCY5,MDD
ADCY7,MDD
ADCYAP1,MDD
ADCYAP1R1,MDD
ADGRE2,MDD
ADIPOQ,MDD
ADRA1A,MDD
ADRA2A,MDD
ADRA2B,MDD
ADRA2C,MDD
ADRB1,MDD
ADRB3,MDD
ADSL,MDD
AGBL4,MDD
AGT,MDD
AHR,MDD
AHSA1,MDD
AIMP2,MDD
AK9,MDD
AKAP8,MDD
AKT1,MDD
ALB,MDD
ALDH7A1,MDD
ALKBH5,MDD
ALOX5,MDD
ALX4,MDD
AMACR,MDD
AMBP,MDD
AMPD3,MDD
AMY1A,MDD
AMY1B,MDD
AMY1C,MDD
ANG,MDD
ANGPT2,MDD
ANK3,MDD
ANKK1,MDD
ANKRD19P,MDD
ANKRD27,MDD
ANO8,MDD
ANPEP,MDD
APAF1,MDD
APBB2,MDD
APOB,MDD
APOE,MDD
APRT,MDD
AQP4,MDD
AQP4-AS1,MDD
AR,MDD
AREL1,MDD
ARFGAP2,MDD
ARHGAP15,MDD
ARHGAP24,MDD
ARHGAP8,MDD
ARHGEF3,MDD
ARHGEF5,MDD
ARL5B,MDD
ARPP21,MDD
ARRB1,MDD
ARSA,MDD
ARSG,MDD
ARTN,MDD
ARVCF,MDD
AS3MT,MDD
ASIC2,MDD
ASIP,MDD
ASPA,MDD
ASPM,MDD
ASTN1,MDD
ASTN2,MDD
ATAD2B,MDD
ATF4P3,MDD
ATF7IP,MDD
ATG5,MDD
ATG7,MDD
ATP5MD,MDD
ATP5MG,MDD
ATP6V1B2,MDD
ATP7B,MDD
AUTS2,MDD
AVP,MDD
AVPR1B,MDD
B3GAT1,MDD
B3GLCT,MDD
BAG3,MDD
BAIAP2,MDD
BAZ1A,MDD
BBX,MDD
BCAR3,MDD
BCHE,MDD
BCL2,MDD
BCL9,MDD
BCR,MDD
BCS1L,MDD
BDKRB1,MDD
BDKRB2,MDD
BDNF,MDD
BDNF-AS,MDD
BECN1,MDD
BEND4,MDD
BGN,MDD
BHLHE40,MDD
BHLHE41,MDD
BICC1,MDD
BICRA,MDD
BMP1,MDD
BMP5,MDD
BMP7,MDD
BMS1,MDD
BORCS7-ASMT,MDD
BRD1,MDD
BRD2,MDD
BRINP3,MDD
BRPF1,MDD
BRS3,MDD
BTN2A1,MDD
BTN3A1,MDD
BTN3A2,MDD
BTNL8,MDD
C11orf49,MDD
C12orf42,MDD
C1QL1,MDD
C20orf181,MDD
C3,MDD
C4orf33,MDD
C5orf17,MDD
C6orf99,MDD
CACNA1C,MDD
CACNA1C-AS4,MDD
CACNA1C-IT3,MDD
CACNA1E,MDD
CACNA2D1,MDD
CACNB2,MDD
CACYBP,MDD
CAD,MDD
CALB2,MDD
CALCA,MDD
CAMK2A,MDD
CAMTA1,MDD
CAND1.11,MDD
CAPN15,MDD
CAPN2,MDD
CARF,MDD
CARM1P1,MDD
CARTPT,MDD
CASC22,MDD
CASP1,MDD
CAT,MDD
CAV3,MDD
CAVIN3,MDD
CBLIF,MDD
CBX5,MDD
CC2D1A,MDD
CCDC170,MDD
CCKAR,MDD
CCL11,MDD
CCL17,MDD
CCL2,MDD
CCL22,MDD
CCL24,MDD
CCN2,MDD
CCND1,MDD
CCS,MDD
CD14,MDD
CD160,MDD
CD34,MDD
CD5L,MDD
CD81,MDD
CDC42BPB,MDD
CDCA3,MDD
CDH4,MDD
CDH7,MDD
CDH8,MDD
CDH9,MDD
CDK5,MDD
CDK9,MDD
CDKN2A,MDD
CDKN2B-AS1,MDD
CDYL,MDD
CEBPZ,MDD
CECR,MDD
CELF4,MDD
CFB,MDD
CFH,MDD
CFP,MDD
CHAT,MDD
CHD7,MDD
CHI3L1,MDD
CHRM2,MDD
CHRM3,MDD
CHRNA4,MDD
CHRNA7,MDD
CHST9,MDD
CIT,MDD
CLOCK,MDD
CMYA5,MDD
CNNM2,MDD
CNP,MDD
CNR1,MDD
CNTF,MDD
CNTN3,MDD
CNTN5,MDD
CNTNAP1,MDD
CNTNAP2,MDD
CNTNAP5,MDD
COL22A1,MDD
COMMD3,MDD
COMT,MDD
COP1,MDD
COPD,MDD
CORT,MDD
COX2,MDD
COX5A,MDD
COX8A,MDD
CPOX,MDD
CPS1,MDD
CRB1,MDD
CREB1,MDD
CREB3L1,MDD
CREBBP,MDD
CREM,MDD
CRH,MDD
CRHBP,MDD
CRHR1,MDD
CRHR2,MDD
CRK,MDD
CRP,MDD
CRTAP,MDD
CRTC1,MDD
CRY1,MDD
CRY2,MDD
CRYBA1,MDD
CS,MDD
CSE1L,MDD
CSF2,MDD
CSF2RB,MDD
CSF3,MDD
CSMD1,MDD
CSMD2,MDD
CSNK1D,MDD
CSNK1E,MDD
CSNK1G1,MDD
CSTF3,MDD
CTLA4,MDD
CTNNA3,MDD
CTNND2,MDD
CTTNBP2,MDD
CUX1,MDD
CX3CL1,MDD
CXCL1,MDD
CXCL10,MDD
CXCL12,MDD
CXCL5,MDD
CXCL8,MDD
CXCR2,MDD
CXCR6,MDD
CYMP,MDD
CYP17A1,MDD
CYP19A1,MDD
CYP1A2,MDD
CYP21A2,MDD
CYP2C19,MDD
CYP2C9,MDD
CYP2D6,MDD
CYP7B1,MDD
DAG1,MDD
DAGLA,MDD
DAOA,MDD
DAOA-AS1,MDD
DBH,MDD
DCANP1,MDD
DCC,MDD
DCDC1,MDD
DCDC2,MDD
DCLK2,MDD
DDB2,MDD
DDC,MDD
DDIT4,MDD
DDO,MDD
DDT,MDD
DEAF1,MDD
DECR1,MDD
DEFA1,MDD
DEFA1B,MDD
DEFB1,MDD
DELEC1,MDD
DENND1A,MDD
DENND1B,MDD
DFFA,MDD
DGKG,MDD
DHH,MDD
DISC1,MDD
DLG2,MDD
DLG3,MDD
DLG4,MDD
DLX4,MDD
DMTF1,MDD
DNMT1,MDD
DNMT3B,MDD
DOCK4,MDD
DPP10,MDD
DPY19L3,MDD
DRD1,MDD
DRD2,MDD
DRD3,MDD
DRD4,MDD
DRD5,MDD
DSCAM,MDD
DSE,MDD
DST,MDD
DTNBP1,MDD
DUSP1,MDD
DVL3,MDD
EARS2,MDD
EBPL,MDD
ECD,MDD
ECT,MDD
EDEM1,MDD
EDN1,MDD
EDNRA,MDD
EGF,MDD
EGFLAM,MDD
EGFR,MDD
EGR1,MDD
EHD3,MDD
EIF4B,MDD
EIF4EBP1,MDD
EIF5B,MDD
ELAVL2,MDD
ELAVL4,MDD
ELK3,MDD
ELOVL5,MDD
EMCN,MDD
EMILIN3,MDD
EML1,MDD
EMP1,MDD
ENDOU,MDD
ENG,MDD
ENO2,MDD
ENOX1,MDD
ENPEP,MDD
EP300,MDD
EPHB1,MDD
EPHB2,MDD
EPHX2,MDD
EPO,MDD
ERBB2,MDD
ERBB3,MDD
ERBB4,MDD
ERC2,MDD
ERCC6L2,MDD
ERICH3,MDD
ESR1,MDD
ESR2,MDD
ESRRB,MDD
ESRRG,MDD
EXD2,MDD
EXOSC6,MDD
EYS,MDD
FAAH,MDD
FABP2,MDD
FADS1,MDD
FADS2,MDD
FAM120A,MDD
FAM13A,MDD
FAM172A,MDD
FAM214B,MDD
FAM222A,MDD
FAM222A-AS1,MDD
FAM228B,MDD
FAT1,MDD
FBN1,MDD
FBN2,MDD
FBXL4,MDD
FER1L6,MDD
FER1L6-AS2,MDD
FEZ1,MDD
FGF13,MDD
FGF2,MDD
FGF9,MDD
FGFR1,MDD
FGFR2,MDD
FHIT,MDD
FKBP4,MDD
FKBP5,MDD
FLAD1,MDD
FLOT1,MDD
FMR1,MDD
FMR1-IT1,MDD
FOS,MDD
FOSB,MDD
FOXD3,MDD
FOXP2,MDD
FRAXA,MDD
FREM3,MDD
FSTL4,MDD
FTO,MDD
FUS,MDD
FUT3,MDD
FYB1,MDD
GABBR1,MDD
GABBR2,MDD
GABPA,MDD
GABRA3,MDD
GABRA6,MDD
GAD1,MDD
GAD2,MDD
GAL,MDD
GALC,MDD
GALR1,MDD
GALR2,MDD
GALR3,MDD
GATA1,MDD
GATA3,MDD
GCH1,MDD
GCHFR,MDD
GDE1,MDD
GDNF,MDD
GFAP,MDD
GFER,MDD
GJA1,MDD
GLB1,MDD
GLRA3,MDD
GLS,MDD
GLT8D1,MDD
GLUL,MDD
GMIP,MDD
GMPR,MDD
GNAI3,MDD
GNB1L,MDD
GNB3,MDD
GNG12-AS1,MDD
GNL1,MDD
GNL3,MDD
GPER1,MDD
GPHN,MDD
GPI,MDD
GPM6A,MDD
GPR158,MDD
GPR42,MDD
GPR50,MDD
GPX1,MDD
GPX6,MDD
GRAP2,MDD
GRHL3,MDD
GRIA1,MDD
GRIA2,MDD
GRIA3,MDD
GRIA4,MDD
GRIK3,MDD
GRIK4,MDD
GRIN2A,MDD
GRIN2B,MDD
GRIP1,MDD
GRK2,MDD
GRK5,MDD
GRM2,MDD
GRM3,MDD
GRM4,MDD
GRM5,MDD
GRM7,MDD
GRM8,MDD
GRN,MDD
GRTP1,MDD
GSDME,MDD
GSK3B,MDD
H1-5,MDD
H19,MDD
H2AC11,MDD
H2AC13,MDD
H2AC15,MDD
H2AC16,MDD
H2AC17,MDD
H2BC15,MDD
H3P7,MDD
HACD3,MDD
HAT1,MDD
HCG15,MDD
HCG20,MDD
HCG21,MDD
HCG9,MDD
HCLS1,MDD
HCN1,MDD
HCRT,MDD
HCRTR1,MDD
HCRTR2,MDD
HDAC2,MDD
HDAC5,MDD
HECTD4,MDD
HHIP,MDD
HIF1A,MDD
HLA-A,MDD
HLA-B,MDD
HLA-DMB,MDD
HLA-DQB1,MDD
HLA-DQB1-AS1,MDD
HLF,MDD
HNF4A,MDD
HOMER1,MDD
HP,MDD
HPGDS,MDD
HPSE,MDD
HPT,MDD
HRC,MDD
HSD11B1,MDD
HSD3B2,MDD
HSP90AA1,MDD
HSP90B1,MDD
HSPA12A,MDD
HSPA14,MDD
HSPA1A,MDD
HSPA1B,MDD
HSPA1L,MDD
HSPA4,MDD
HSPA5,MDD
HSPD1,MDD
HTR1A,MDD
HTR1B,MDD
HTR1F,MDD
HTR2A,MDD
HTR2C,MDD
HTR3A,MDD
HTR3B,MDD
HTR4,MDD
HTR5A,MDD
HTR5A-AS1,MDD
HTR6,MDD
HTT,MDD
IDO1,MDD
IER3,MDD
IFI44L,MDD
IFI6,MDD
IFIT3,MDD
IFNA1,MDD
IFNA13,MDD
IFNG,MDD
IFNL3,MDD
IGF1,MDD
IGF1R,MDD
IGFBP1,MDD
IGFBP2,MDD
IGFBP7,MDD
IGFBPL1,MDD
IGLV10-54,MDD
IGSF9B,MDD
IKBKE,MDD
IL10,MDD
IL11,MDD
IL12A-AS1,MDD
IL13,MDD
IL17A,MDD
IL18,MDD
IL19,MDD
IL1A,MDD
IL1B,MDD
IL1R1,MDD
IL1R2,MDD
IL1RN,MDD
IL2,MDD
IL20,MDD
IL24,MDD
IL2RA,MDD
IL2RB,MDD
IL33,MDD
IL34,MDD
IL4,MDD
IL6,MDD
IL6-AS1,MDD
IL6R,MDD
IL7,MDD
INMT,MDD
INSR,MDD
IRAK3,MDD
IRF7,MDD
ISG15,MDD
ISG20,MDD
ITGA11,MDD
ITGB5,MDD
ITIH1,MDD
ITIH3,MDD
JUN,MDD
JUNB,MDD
JUND,MDD
KALRN,MDD
KANK2,MDD
KANSL1,MDD
KAZN,MDD
KCNB1,MDD
KCNG2,MDD
KCNK10,MDD
KCNK2,MDD
KCNK9,MDD
KCNMB2,MDD
KCNQ5,MDD
KDM4A,MDD
KDR,MDD
KEAP1,MDD
KHSRP,MDD
KIAA1109,MDD
KIDINS220,MDD
KL,MDD
KLC1,MDD
KLF11,MDD
KLF12,MDD
KLHDC8B,MDD
KLHL23,MDD
KLHL29,MDD
KLRG1,MDD
KMO,MDD
KMT2A,MDD
KPNA3,MDD
KRBA1,MDD
KSR2,MDD
KYAT1,MDD
KYAT3,MDD
KYNU,MDD
L3MBTL2,MDD
L3MBTL2-AS1,MDD
LAMC2,MDD
LARGE1,MDD
LBP,MDD
LDHA,MDD
LEP,MDD
LHPP,MDD
LIG4,MDD
LILRA1,MDD
LIN28B,MDD
LIN28B-AS1,MDD
LINC00240,MDD
LINC00273,MDD
LINC00461,MDD
LINC00578,MDD
LINC00705,MDD
LINC01014,MDD
LINC01108,MDD
LINC01122,MDD
LINC01392,MDD
LINC01465,MDD
LINC01568,MDD
LINC01592,MDD
LINC01618,MDD
LINC01645,MDD
LINC01876,MDD
LINC01938,MDD
LINC02040,MDD
LINC02107,MDD
LINC02119,MDD
LINC02153,MDD
LINC02210-CRHR1,MDD
LINC02240,MDD
LINC02569,MDD
LINC02605,MDD
LINC02627,MDD
LINC02694,MDD
LINC02699,MDD
LINC02758,MDD
LINC02797,MDD
LINC02815,MDD
LINC02824,MDD
LINGO1,MDD
LINGO2,MDD
LMOD1,MDD
LMX1B,MDD
LOC100131626,MDD
LOC100288866,MDD
LOC100996447,MDD
LOC101926953,MDD
LOC101927026,MDD
LOC101927421,MDD
LOC101927814,MDD
LOC101927825,MDD
LOC101927995,MDD
LOC101929006,MDD
LOC101929200,MDD
LOC101929309,MDD
LOC105369501,MDD
LOC105369562,MDD
LOC105370032,MDD
LOC105370249,MDD
LOC105370469,MDD
LOC105370550,MDD
LOC105370753,MDD
LOC105371261,MDD
LOC105371490,MDD
LOC105371720,MDD
LOC105371800,MDD
LOC105372112,MDD
LOC105372125,MDD
LOC105372130,MDD
LOC105372169,MDD
LOC105372174,MDD
LOC105372356,MDD
LOC105372358,MDD
LOC105372649,MDD
LOC105373042,MDD
LOC105373062,MDD
LOC105373718,MDD
LOC105374054,MDD
LOC105374328,MDD
LOC105374455,MDD
LOC105374552,MDD
LOC105374732,MDD
LOC105374845,MDD
LOC105375001,MDD
LOC105375005,MDD
LOC105375219,MDD
LOC105375220,MDD
LOC105375313,MDD
LOC105375382,MDD
LOC105375501,MDD
LOC105375630,MDD
LOC105375695,MDD
LOC105375974,MDD
LOC105375983,MDD
LOC105376009,MDD
LOC105376032,MDD
LOC105376345,MDD
LOC105376373,MDD
LOC105376374,MDD
LOC105376375,MDD
LOC105376611,MDD
LOC105376934,MDD
LOC105376972,MDD
LOC105377013,MDD
LOC105377127,MDD
LOC105377628,MDD
LOC105377632,MDD
LOC105377684,MDD
LOC105377703,MDD
LOC105377864,MDD
LOC105377929,MDD
LOC105378797,MDD
LOC105378800,MDD
LOC105378841,MDD
LOC105379109,MDD
LOC105379641,MDD
LOC107984041,MDD
LOC107984113,MDD
LOC107984197,MDD
LOC107984265,MDD
LOC107984343,MDD
LOC107984363,MDD
LOC107984419,MDD
LOC107984527,MDD
LOC107984536,MDD
LOC107984941,MDD
LOC107985028,MDD
LOC107985554,MDD
LOC107985969,MDD
LOC107986022,MDD
LOC107986119,MDD
LOC107986273,MDD
LOC107986321,MDD
LOC107986777,MDD
LOC107986780,MDD
LOC107986837,MDD
LOC107987122,MDD
LOC107987479,MDD
LOC110806262,MDD
LOC112267956,MDD
LOC112268294,MDD
LOC112268471,MDD
LOC158435,MDD
LOC339975,MDD
LOC349160,MDD
LOC400684,MDD
LOC643542,MDD
LPAR2,MDD
LPGAT1,MDD
LRFN5,MDD
LRP1,MDD
LRP2,MDD
LRP8,MDD
LRRC37A2,MDD
LSAMP,MDD
LTA,MDD
LTBP3,MDD
LYG2,MDD
LYZL4,MDD
M6PR,MDD
MAB21L4,MDD
MAD1L1,MDD
MAG,MDD
MALAT1,MDD
MANCR,MDD
MAOA,MDD
MAOB,MDD
MAP2,MDD
MAP2K1,MDD
MAP4K2,MDD
MAPK1,MDD
MAPK14,MDD
MAPK3,MDD
MAPK8,MDD
MAPKAP1,MDD
MAPT,MDD
MAPT-AS1,MDD
MARS1,MDD
MBD2,MDD
MC1R,MDD
MCF2L,MDD
MCM9,MDD
MCTP2,MDD
MDD1,MDD
MDD2,MDD
MDGA1,MDD
MDM4,MDD
MECP2,MDD
MED12,MDD
MEF2C,MDD
MEF2C-AS2,MDD
MEN1,MDD
MET,MDD
METTL21A,MDD
METTL3,MDD
METTL9,MDD
MFAP1,MDD
MGAM,MDD
MGAT4B,MDD
MICAL1,MDD
MICB,MDD
MIF,MDD
MIR1202,MDD
MIR1281,MDD
MIR1289-2,MDD
MIR132,MDD
MIR137,MDD
MIR137HG,MDD
MIR149,MDD
MIR155,MDD
MIR183,MDD
MIR184,MDD
MIR185,MDD
MIR21,MDD
MIR212,MDD
MIR221,MDD
MIR26B,MDD
MIR30E,MDD
MIR34A,MDD
MIR34B,MDD
MIR34C,MDD
MIR4761,MDD
MIR5193,MDD
MIR6165,MDD
MIR6529,MDD
MIR664A,MDD
MIR924HG,MDD
MIRLET7B,MDD
MIRLET7C,MDD
MIRLET7I,MDD
MIXL1,MDD
MLRL,MDD
MMP7,MDD
MMP8,MDD
MOCOS,MDD
MOG,MDD
MORC1,MDD
MPO,MDD
MPP6,MDD
MRPL48,MDD
MSH3,MDD
MSRA,MDD
MT2A,MDD
MTCO2P12,MDD
MTERF2,MDD
MTERF4,MDD
MTHFR,MDD
MTMR12,MDD
MTND2P23,MDD
MTNR1B,MDD
MTOR,MDD
MTR,MDD
MUC21,MDD
MUC5B,MDD
MUCL3,MDD
MUSK,MDD
MYCT1,MDD
MYNN,MDD
MYO10,MDD
MYO1H,MDD
MYOSLID,MDD
MYRF,MDD
MYT1L,MDD
NANOS3,MDD
NAT8L,MDD
NAV3,MDD
NBAS,MDD
NCALD,MDD
NCAM1,MDD
NCAM1-AS1,MDD
NCAN,MDD
NCOA5,MDD
NCS1,MDD
ND4,MDD
NDST3,MDD
NDUFA6-DT,MDD
NDUFV1,MDD
NDUFV2,MDD
NEFL,MDD
NEGR1,MDD
NEK4,MDD
NELL1,MDD
NFE2L2,MDD
NGF,MDD
NGFR,MDD
NISCH,MDD
NLGN2,MDD
NLK,MDD
NLRP3,MDD
NOP53,MDD
NOS1,MDD
NOS3,MDD
NOTCH1,MDD
NOX1,MDD
NPAS2,MDD
NPAS3,MDD
NPPC,MDD
NPY,MDD
NPY2R,MDD
NQO1,MDD
NR1D1,MDD
NR1H2,MDD
NR1H3,MDD
NR3C1,MDD
NR3C2,MDD
NR4A1,MDD
NR4A2,MDD
NRDC,MDD
NRG1,MDD
NRG3,MDD
NRGN,MDD
NRP1,MDD
NT5C2,MDD
NTF3,MDD
NTM,MDD
NTRK2,MDD
NTRK3,MDD
NTSR1,MDD
NUCB2,MDD
NUP160,MDD
NUP98,MDD
NVL,MDD
OAS2,MDD
OGG1,MDD
OGN,MDD
OLFM4,MDD
OLIG1,MDD
OPA1,MDD
OPCML,MDD
OPN1SW,MDD
OPN4,MDD
OPRK1,MDD
OPRM1,MDD
OR12D3,MDD
OR2T12,MDD
OR5V1,MDD
ORAI1,MDD
OSTM1,MDD
OSTM1-AS1,MDD
OTUD7A,MDD
OXT,MDD
OXTR,MDD
P2RX1,MDD
P2RX2,MDD
P2RX3,MDD
P2RX4,MDD
P2RX5,MDD
P2RX5-TAX1BP3,MDD
P2RX6,MDD
P2RX7,MDD
P2RY1,MDD
P2RY2,MDD
PAEP,MDD
PAFAH1B1,MDD
PAM,MDD
PANK2,MDD
PARP14,MDD
PARP15,MDD
PATZ1,MDD
PAUPAR,MDD
PAWR,MDD
PAX5,MDD
PAX6-AS1,MDD
PBRM1,MDD
PCAT29,MDD
PCDH15,MDD
PCDH9,MDD
PCDHA1,MDD
PCDHA2,MDD
PCDHA3,MDD
PCDHA4,MDD
PCDHA5,MDD
PCDHA6,MDD
PCDHA7,MDD
PCLO,MDD
PCMTD1,MDD
PCNT,MDD
PDE11A,MDD
PDE1A,MDD
PDE4A,MDD
PDE4B,MDD
PDE8A,MDD
PDE9A,MDD
PDGFC,MDD
PDIA3,MDD
PDLIM5,MDD
PDLIM7,MDD
PDYN,MDD
PDZD2,MDD
PEA15,MDD
PEBP1,MDD
PER3,MDD
PEX19,MDD
PEX5L,MDD
PFKFB3,MDD
PGBD4,MDD
PGC,MDD
PGF,MDD
PGPEP1,MDD
PHACTR1,MDD
PHF2,MDD
PHF21B,MDD
PHF3,MDD
PHOBS,MDD
PINK1,MDD
PIPOX,MDD
PKLR,MDD
PLA2G1B,MDD
PLA2G2A,MDD
PLA2G4A,MDD
PLAT,MDD
PLAU,MDD
PLB1,MDD
PLCB1,MDD
PLCB4,MDD
PLCG1,MDD
PLCL2,MDD
PLEK2,MDD
PLEKHM1,MDD
PLG,MDD
PLP1,MDD
PLPP5,MDD
PLXNA3,MDD
POLDIP2,MDD
POM121L2,MDD
POMC,MDD
PON1,MDD
POU3F1,MDD
POU5F2,MDD
PPARG,MDD
PPARGC1A,MDD
PPP1R2C,MDD
PPP1R9B,MDD
PPP4R3A,MDD
PRCP,MDD
PRIMA1,MDD
PRKAR1A,MDD
PRKCB,MDD
PRKCD,MDD
PRKCG,MDD
PRL,MDD
PRNP,MDD
PROK2,MDD
PROKR2,MDD
PROM1,MDD
PRR16,MDD
PRR5-ARHGAP8,MDD
PRRC2A,MDD
PRS,MDD
PSIP1,MDD
PSMA2,MDD
PSMA7,MDD
PSMB4,MDD
PSMD13,MDD
PSMD9,MDD
PSORS1C1,MDD
PSORS1C2,MDD
PSORS1C3,MDD
PTGDS,MDD
PTGER3,MDD
PTGS2,MDD
PTPN6,MDD
PTPRD,MDD
PTPRR,MDD
PTX3,MDD
PVALB,MDD
PYCARD,MDD
PZP,MDD
QKI,MDD
RAB27B,MDD
RAB3D,MDD
RABGAP1L,MDD
RAC1,MDD
RAPGEF5,MDD
RAPH1,MDD
RAPSN,MDD
RARRES2,MDD
RASGRF2,MDD
RBFOX1,MDD
RBM14,MDD
RBM14-RBM4,MDD
REEP5,MDD
REG3A,MDD
RELN,MDD
REM1,MDD
REN,MDD
RERE,MDD
RERE-AS1,MDD
REST,MDD
REV1,MDD
RFESD,MDD
RGS4,MDD
RHBDF2,MDD
RHBDL2,MDD
RLN3,MDD
RNF103-CHMP3,MDD
RNF19A,MDD
RNF41,MDD
ROBO2,MDD
ROPN1L,MDD
RORA,MDD
RPL29,MDD
RPL34,MDD
RPRD2,MDD
RSRC1,MDD
RTN1,MDD
RTN4,MDD
RXFP3,MDD
S100A10,MDD
S100A12,MDD
S100A9,MDD
S100B,MDD
SAGE1,MDD
SAMD5,MDD
SAT1,MDD
SCD,MDD
SCPEP1,MDD
SDS,MDD
SEC11A,MDD
SEC24C,MDD
SECTM1,MDD
SELE,MDD
SELP,MDD
SEMA3A,MDD
SEMA6D,MDD
SERPINE1,MDD
SERPINF1,MDD
SERPINF2,MDD
SETD2,MDD
SFTA2,MDD
SGIP1,MDD
SGK1,MDD
SGSH,MDD
SGSM3,MDD
SHANK2,MDD
SHBG,MDD
SHISA9,MDD
SI,MDD
SIAE,MDD
SIGLEC7,MDD
SIGMAR1,MDD
SIRT1,MDD
SIRT2,MDD
SKA2,MDD
SLA2,MDD
SLC12A5,MDD
SLC17A6,MDD
SLC17A7,MDD
SLC18A1,MDD
SLC18A2,MDD
SLC1A1,MDD
SLC1A2,MDD
SLC1A3,MDD
SLC1A6,MDD
SLC1A7,MDD
SLC22A16,MDD
SLC25A4,MDD
SLC25A6,MDD
SLC2A1,MDD
SLC30A9,MDD
SLC38A7,MDD
SLC44A5,MDD
SLC5A7,MDD
SLC6A13,MDD
SLC6A15,MDD
SLC6A2,MDD
SLC6A3,MDD
SLC6A4,MDD
SLC8A1-AS1,MDD
SLC9A9,MDD
SLCO6A1,MDD
SLIT3,MDD
SMCP,MDD
SMIM30,MDD
SMIM4,MDD
SMPD1,MDD
SMUG1,MDD
SNAP25,MDD
SNAP25-AS1,MDD
SNCA,MDD
SNED1,MDD
SNORD136,MDD
SNORD19,MDD
SNORD32B,MDD
SNORD69,MDD
SNX29,MDD
SOCS1,MDD
SOD1,MDD
SOD2,MDD
SORCS3,MDD
SORT1,MDD
SOSTDC1,MDD
SOX5,MDD
SOX6,MDD
SOX9,MDD
SP4,MDD
SPAG9,MDD
SPCS1,MDD
SPDEF,MDD
SPP1,MDD
SPPL3,MDD
SPSB4,MDD
SQSTM1,MDD
SRD5A1,MDD
SRRM4,MDD
SRRT,MDD
SSPN,MDD
SST,MDD
SSTR4,MDD
SSTR5,MDD
ST13,MDD
ST6GALNAC2,MDD
STAG3,MDD
STAR,MDD
STARD13,MDD
STAT1,MDD
STAT3,MDD
STAT5A,MDD
STAT5B,MDD
STAU1,MDD
STEAP1B,MDD
STIP1,MDD
STK19,MDD
STK24,MDD
STMN1,MDD
STMN2,MDD
STT3A,MDD
STT3A-AS1,MDD
SUDS3,MDD
SV2A,MDD
SYN2,MDD
SYNE1,MDD
SYNE2,MDD
SYNM,MDD
SYP,MDD
TAAR6,MDD
TAC1,MDD
TACR1,MDD
TAL1,MDD
TBC1D9,MDD
TBX21,MDD
TCF3,MDD
TCF4,MDD
TCF4-AS1,MDD
TCF7L2,MDD
TDO2,MDD
TEF,MDD
TENM2,MDD
TENM4,MDD
TERT,MDD
TESC,MDD
TFAP2D,MDD
TFCP2,MDD
TG,MDD
TGFB1,MDD
TH,MDD
THAS,MDD
THOP1,MDD
TIFAB,MDD
TIMELESS,MDD
TIMM8A,MDD
TLN2,MDD
TLR3,MDD
TLR4,MDD
TLR7,MDD
TMEM106B,MDD
TMEM132D,MDD
TMEM150B,MDD
TMEM159,MDD
TMEM161B,MDD
TMEM161B-AS1,MDD
TMEM165,MDD
TMEM258,MDD
TMPPE,MDD
TMPRSS6,MDD
TNC,MDD
TNF,MDD
TNFAIP3,MDD
TNFRSF11A,MDD
TNFRSF11B,MDD
TNFRSF1A,MDD
TNFRSF1B,MDD
TNFSF11,MDD
TNFSF12,MDD
TNFSF12-TNFSF13,MDD
TNIP3,MDD
TNKS,MDD
TNKS2,MDD
TOLLIP,MDD
TOMM40,MDD
TOX2,MDD
TP53INP1,MDD
TPH1,MDD
TPH2,MDD
TPSG1,MDD
TPT1,MDD
TPTEP2-CSNK1E,MDD
TRD,MDD
TRH,MDD
TRIM26,MDD
TRIM31,MDD
TRIM31-AS1,MDD
TRIO,MDD
TRPC7,MDD
TSACC,MDD
TSNARE1,MDD
TSNAX,MDD
TSNAX-DISC1,MDD
TSPAN5,MDD
TSPO,MDD
TSPYL1,MDD
TTC12,MDD
TUSC3,MDD
TXNDC9,MDD
TXNRD2,MDD
TYK2,MDD
TYMS,MDD
TYR,MDD
UBA7,MDD
UBE2D1,MDD
UCHL1,MDD
UCN,MDD
UCN3,MDD
UNC13D,MDD
UPP2,MDD
USP46,MDD
UTRN,MDD
VAMP2,MDD
VAMP7,MDD
VCAM1,MDD
VDR,MDD
VEGFA,MDD
VGF,MDD
VIP,MDD
VIPR2,MDD
VLDLR,MDD
VPS41,MDD
VPS45,MDD
VRK2,MDD
VWC2L,MDD
WASF1,MDD
WASF2,MDD
WASF3,MDD
WDHD1,MDD
WDR12,MDD
WDR26,MDD
WFS1,MDD
WIPI1,MDD
WNT3,MDD
XBP1,MDD
XDH,MDD
XKR6,MDD
XLOC_009911,MDD
YLPM1,MDD
YWHAE,MDD
YWHAZ,MDD
ZBTB16,MDD
ZBTB20,MDD
ZC4H2,MDD
ZCCHC14,MDD
ZDHHC5,MDD
ZFHX3,MDD
ZFPM2,MDD
ZHX3,MDD
ZNF165,MDD
ZNF184,MDD
ZNF326,MDD
ZNF34,MDD
ZNF417,MDD
ZNF469,MDD
ZNF536,MDD
ZNF603P,MDD
ZNF615,MDD
ZNF804A,MDD
ZNF93,MDD
ZNRD1,MDD
ZSCAN12P1,MDD
ZSCAN16-AS1,MDD
ZSCAN31,MDD
